# Corpus reachability verdicts. Generated by `jackall-cli xref reach`;
# do not hand-edit. Methodology: docs/docs/engine-internals/asset-reachability.md
# hash	path	verdict	flags	bytes	outRefs	reason
F207408F	config\presets\ps3\cryers.xml	unused	-	2277	0	console-only
589D0E49	config\presets\ps3\default.xml	unused	-	17	0	console-only
D9FF09DE	config\presets\ps3\frontshooter.xml	unused	-	2812	0	console-only
E34FB3A1	config\presets\ps3\frontshooterlefty.xml	unused	-	5692	0	console-only
FCC5190D	config\presets\ps3\lefty.xml	unused	-	5607	0	console-only
43E536A4	config\presets\ps3\longrun.xml	unused	-	1410	0	console-only
38145F84	config\presets\ps3\survivor.xml	unused	-	2199	0	console-only
559ED846	config\presets\xenon\cryers.xml	unused	-	2277	0	console-only
BA82EDC5	config\presets\xenon\default.xml	unused	-	17	0	console-only
1211CFB8	config\presets\xenon\frontshooter.xml	unused	-	2810	0	console-only
2D6973B9	config\presets\xenon\frontshooterlefty.xml	unused	-	5692	0	console-only
027BB1E9	config\presets\xenon\lefty.xml	unused	-	5606	0	console-only
A1FAD528	config\presets\xenon\longrun.xml	unused	-	1411	0	console-only
DCF88F6C	config\presets\xenon\survivor.xml	unused	-	2202	0	console-only
6A0B31EE	domino\system\acceptedmissioncount.lua	unknown	-	886	0	opaque-referrers(domino)
CC7A5D2E	domino\system\bedroll.lua	unknown	-	993	0	opaque-referrers(domino)
C3154C81	domino\system\cheat_setrescuebuddy.lua	unknown	-	975	0	opaque-referrers(domino)
EF70E534	domino\system\detectsocialengagement.lua	unknown	-	2315	0	opaque-referrers(domino)
963C1800	domino\system\dlc1weaponsspawn.lua	unknown	-	6799	0	opaque-referrers(domino)
C03F5D42	domino\system\getmalariapillscount.lua	unknown	-	746	0	opaque-referrers(domino)
A03B1F90	domino\system\getmissionstate.lua	unknown	-	1139	0	opaque-referrers(domino)
D5AA83F2	domino\system\gettimeofday.lua	unknown	-	818	0	opaque-referrers(domino)
D53C8C12	domino\system\inputlistener.lua	unknown	-	1257	0	opaque-referrers(domino)
F48BD60B	domino\system\playermalariaevents.lua	unknown	-	1652	0	opaque-referrers(domino)
702524B3	domino\system\randomboolean.lua	unknown	-	818	0	opaque-referrers(domino)
BF5DCB9D	domino\system\randomfloat.lua	unknown	-	922	0	opaque-referrers(domino)
240226F2	domino\system\randominteger.lua	unknown	-	915	0	opaque-referrers(domino)
D5A61740	domino\system\removeentitiesintrigger.lua	unknown	-	934	0	opaque-referrers(domino)
7585DB22	domino\system\sendsocialeventtopawn.lua	unknown	-	765	0	opaque-referrers(domino)
FE4D380C	domino\system\spawnmissionitem.lua	unknown	-	1599	0	opaque-referrers(domino)
BB617A0E	domino\system\subvertedmissioncount.lua	unknown	-	896	0	opaque-referrers(domino)
1D0FBE1C	domino\system\usableentity.lua	unknown	-	2847	0	opaque-referrers(domino)
3C8E9E38	domino\system\wasbetrayed.lua	unknown	-	908	0	opaque-referrers(domino)
675E321C	domino\user\a1bu00_tutorial.a1bu00_healtheven.debug.lua	unused	DECOY	8267	5	unreachable:authoring-twin
066046C5	domino\user\a1bu00_tutorial.a1bu00_initvariable.debug.lua	unused	DECOY	13578	4	unreachable:authoring-twin
CCEDCD3F	domino\user\a1bu00_tutorial.a1bu00_initvariable.lua	unknown	-	8110	4	opaque-referrers(domino)
97173108	domino\user\a1bu00_tutorial.a1bu00_safehousetut.debug.lua	unused	DECOY	39542	12	unreachable:authoring-twin
73DA50BB	domino\user\a1bu00_tutorial.a1bu00_scouting.debug.lua	unused	DECOY	41707	13	unreachable:authoring-twin
63F546B0	domino\user\a1bu00_tutorial.a1bu00_storymission.debug.lua	unused	DECOY	639793	80	unreachable:authoring-twin
3DAB9335	domino\user\a1bu00_tutorial.a1bu00_swap.debug.lua	unused	DECOY	1982	2	unreachable:authoring-twin
8060239F	domino\user\a1bu00_tutorial.a1bu00_tutorialheal.debug.lua	unused	DECOY	10998	9	unreachable:authoring-twin
216E03F9	domino\user\a1bu00_tutorial.a1bu00_weaponshop.debug.lua	unused	DECOY	7105	6	unreachable:authoring-twin
CBA3BAD2	domino\user\a1bu00_tutorial.lieutenant_phonecall.debug.lua	unused	DECOY	83976	11	unreachable:authoring-twin
77F22FC5	domino\user\a1bu01_prison.a1bu01_briefing_hq.debug.lua	unused	DECOY	5015	5	unreachable:authoring-twin
259A8B10	domino\user\a1bu01_prison.a1bu01_briefing_hq.lua	unknown	-	3354	5	opaque-referrers(domino)
10175373	domino\user\a1bu01_prison.a1bu01_mission.debug.lua	unused	DECOY	61893	26	unreachable:authoring-twin
26C0D8DC	domino\user\a1bu01_prison.a1bu01_storymission.debug.lua	unused	DECOY	9104	9	unreachable:authoring-twin
75BA2E3A	domino\user\a1bu02_arena.a1bu02_briefing_hq.debug.lua	unused	DECOY	5006	5	unreachable:authoring-twin
1216E135	domino\user\a1bu02_arena.a1bu02_briefing_hq.lua	unknown	-	3352	5	opaque-referrers(domino)
55833C5E	domino\user\a1bu02_arena.a1bu02_mission.debug.lua	unused	DECOY	62085	26	unreachable:authoring-twin
0BC07F50	domino\user\a1bu02_arena.a1bu02_storymission.debug.lua	unused	DECOY	9080	9	unreachable:authoring-twin
27E2EF2E	domino\user\a1bu03_dunkcage.a1bu03_briefing_hq.debug.lua	unused	DECOY	5032	5	unreachable:authoring-twin
25FAC397	domino\user\a1bu03_dunkcage.a1bu03_briefing_hq.lua	unknown	-	3358	5	opaque-referrers(domino)
1CD2943D	domino\user\a1bu03_dunkcage.a1bu03_mission.debug.lua	unused	DECOY	59524	26	unreachable:authoring-twin
1148F3EC	domino\user\a1bu03_dunkcage.a1bu03_storymission.debug.lua	unused	DECOY	9074	9	unreachable:authoring-twin
649715EC	domino\user\a1bu04_slaughterhouse.a1bu04_briefing_hq.debug.lua	unused	DECOY	5074	5	unreachable:authoring-twin
54036EDC	domino\user\a1bu04_slaughterhouse.a1bu04_briefing_hq.lua	unknown	-	3370	5	opaque-referrers(domino)
A738AC5F	domino\user\a1bu04_slaughterhouse.a1bu04_mission.debug.lua	unused	DECOY	57084	26	unreachable:authoring-twin
6461258A	domino\user\a1bu04_slaughterhouse.a1bu04_storymission.debug.lua	unused	DECOY	9130	9	unreachable:authoring-twin
2529690E	domino\user\a1bu08_mountaincessna.a1bu08_mission.debug.lua	unused	DECOY	41783	29	unreachable:authoring-twin
023041E5	domino\user\a1gm00_grindelivery.a1gm00_endoftutorial.debug.lua	unused	DECOY	1829	2	unreachable:authoring-twin
00DA5134	domino\user\a1gm00_grindelivery.a1gm00_journalistbriefing.debug.lua	unused	DECOY	51715	15	unreachable:authoring-twin
F938F3CA	domino\user\a1gm00_grindelivery.a1gm00_mission.debug.lua	unused	DECOY	155718	53	unreachable:authoring-twin
B53E1880	domino\user\a1gm00_grindelivery.a1gm00_primarybuddybriefing.debug.lua	unused	DECOY	30829	13	unreachable:authoring-twin
BE0604CA	domino\user\a1gm00_grindelivery.a1gm00_secondarybuddybriefing.debug.lua	unused	DECOY	17510	9	unreachable:authoring-twin
E927296F	domino\user\a1lm01_copkiller.a1lm01_assassination.debug.lua	unused	DECOY	35452	18	unreachable:authoring-twin
CAB98E38	domino\user\a1lm01_copkiller.a1lm01_briefingbase.debug.lua	unused	DECOY	39221	14	unreachable:authoring-twin
E5139C37	domino\user\a1lm01_copkiller.a1lm01_briefingsubv.debug.lua	unused	DECOY	29570	17	unreachable:authoring-twin
285D573E	domino\user\a1lm01_copkiller.a1lm01_briefingsubv.lua	unknown	-	15710	17	opaque-referrers(domino)
2A46DD39	domino\user\a1lm01_copkiller.a1lm01_briefingsubvpawnbrief.debug.lua	unused	DECOY	18720	5	unreachable:authoring-twin
97183EB7	domino\user\a1lm01_copkiller.a1lm01_briefingsubvpawnbrief.lua	unknown	-	7277	5	opaque-referrers(domino)
45ED3988	domino\user\a1lm01_copkiller.a1lm01_intimidation.debug.lua	unused	DECOY	48774	28	unreachable:authoring-twin
2F56986C	domino\user\a1lm01_copkiller.a1lm01_mission.debug.lua	unused	DECOY	79920	30	unreachable:authoring-twin
4D19204D	domino\user\a1lm01_copkiller.a1lm01_wagerobjective.debug.lua	unused	DECOY	13204	7	unreachable:authoring-twin
05AAB1B0	domino\user\a1lm01_copkiller.a1lm01_wagerobjective.lua	unknown	-	6382	7	opaque-referrers(domino)
F19A8EE1	domino\user\a1lm02_reapsew.a1lm02_assassination.debug.lua	unused	DECOY	35293	18	unreachable:authoring-twin
C05977EF	domino\user\a1lm02_reapsew.a1lm02_briefingbase.debug.lua	unused	DECOY	35091	12	unreachable:authoring-twin
EFF365E0	domino\user\a1lm02_reapsew.a1lm02_briefingsubv.debug.lua	unused	DECOY	32156	18	unreachable:authoring-twin
91B4803B	domino\user\a1lm02_reapsew.a1lm02_briefingsubv.lua	unknown	-	17387	18	opaque-referrers(domino)
183F7BD9	domino\user\a1lm02_reapsew.a1lm02_briefingsubvpawnbrief.debug.lua	unused	DECOY	21206	5	unreachable:authoring-twin
7AAAA584	domino\user\a1lm02_reapsew.a1lm02_briefingsubvpawnbrief.lua	unknown	-	8165	5	opaque-referrers(domino)
5F858534	domino\user\a1lm02_reapsew.a1lm02_mission.debug.lua	unused	DECOY	77284	33	unreachable:authoring-twin
470133CD	domino\user\a1lm02_reapsew.a1lm02_wagerobjective.debug.lua	unused	DECOY	11706	8	unreachable:authoring-twin
606ABB6B	domino\user\a1lm02_reapsew.a1lm02_wagerobjective.lua	unknown	-	5771	8	opaque-referrers(domino)
664B445E	domino\user\a1lm02_reapsew.train_explosion.debug.lua	unused	DECOY	43454	8	unreachable:authoring-twin
4A36DD30	domino\user\a1lm03_junkyarddog.a1lm03_briefingbase.debug.lua	unused	DECOY	35182	12	unreachable:authoring-twin
659CCF3F	domino\user\a1lm03_junkyarddog.a1lm03_briefingsubv.debug.lua	unused	DECOY	29639	17	unreachable:authoring-twin
31C48C64	domino\user\a1lm03_junkyarddog.a1lm03_briefingsubv.lua	unknown	-	15717	17	opaque-referrers(domino)
2AD905C7	domino\user\a1lm03_junkyarddog.a1lm03_briefingsubvpawnbrief.debug.lua	unused	DECOY	18620	5	unreachable:authoring-twin
759AFFA9	domino\user\a1lm03_junkyarddog.a1lm03_briefingsubvpawnbrief.lua	unknown	-	7214	5	opaque-referrers(domino)
03A2226A	domino\user\a1lm03_junkyarddog.a1lm03_explosion.debug.lua	unused	DECOY	26152	12	unreachable:authoring-twin
A4F1B95D	domino\user\a1lm03_junkyarddog.a1lm03_mission.debug.lua	unused	DECOY	64660	28	unreachable:authoring-twin
77A22A84	domino\user\a1lm03_junkyarddog.a1lm03_wagerobjective.debug.lua	unused	DECOY	14815	6	unreachable:authoring-twin
54FF16AB	domino\user\a1lm03_junkyarddog.a1lm03_wagerobjective.lua	unknown	-	6660	6	opaque-referrers(domino)
EBC63A5C	domino\user\a1lm04_directspear.a1lm04_briefingbase.debug.lua	unused	DECOY	35291	12	unreachable:authoring-twin
C46C2853	domino\user\a1lm04_directspear.a1lm04_briefingsubv.debug.lua	unused	DECOY	31455	18	unreachable:authoring-twin
2B7DA7A8	domino\user\a1lm04_directspear.a1lm04_briefingsubv.lua	unknown	-	16765	18	opaque-referrers(domino)
AFA5A39D	domino\user\a1lm04_directspear.a1lm04_briefingsubvpawnbrief.debug.lua	unused	DECOY	18775	5	unreachable:authoring-twin
98D55A7B	domino\user\a1lm04_directspear.a1lm04_briefingsubvpawnbrief.lua	unknown	-	7298	5	opaque-referrers(domino)
64928DEC	domino\user\a1lm04_directspear.a1lm04_intimidation.debug.lua	unused	DECOY	39657	23	unreachable:authoring-twin
36398EED	domino\user\a1lm04_directspear.a1lm04_mission.debug.lua	unused	DECOY	90994	32	unreachable:authoring-twin
8084D804	domino\user\a1lm04_directspear.a1lm04_wagerobjective.debug.lua	unused	DECOY	14048	6	unreachable:authoring-twin
9F0C6D10	domino\user\a1lm04_directspear.a1lm04_wagerobjective.lua	unknown	-	7694	6	opaque-referrers(domino)
13B92168	domino\user\a1lm05_growop.a1lm05_airplaine_defoliant.debug.lua	unused	DECOY	20804	12	unreachable:authoring-twin
AE9FD3C6	domino\user\a1lm05_growop.a1lm05_anteairstrippawnbrief.debug.lua	unused	DECOY	19577	8	unreachable:authoring-twin
AFFC9E01	domino\user\a1lm05_growop.a1lm05_briefingbase.debug.lua	unused	DECOY	35108	12	unreachable:authoring-twin
80568C0E	domino\user\a1lm05_growop.a1lm05_briefingsubv.debug.lua	unused	DECOY	31245	18	unreachable:authoring-twin
6AD34CF9	domino\user\a1lm05_growop.a1lm05_briefingsubv.lua	unknown	-	16729	18	opaque-referrers(domino)
9A655EAC	domino\user\a1lm05_growop.a1lm05_briefingsubvpawnbrief.debug.lua	unused	DECOY	18682	5	unreachable:authoring-twin
F0D64783	domino\user\a1lm05_growop.a1lm05_briefingsubvpawnbrief.lua	unknown	-	7293	5	opaque-referrers(domino)
2A144164	domino\user\a1lm05_growop.a1lm05_mission.debug.lua	unused	DECOY	101524	36	unreachable:authoring-twin
2DF6DEE2	domino\user\a1lm06_oeduardrex.a1lm06_assassination.debug.lua	unused	DECOY	36194	18	unreachable:authoring-twin
7A04BBC1	domino\user\a1lm06_oeduardrex.a1lm06_briefingbase.debug.lua	unused	DECOY	35167	12	unreachable:authoring-twin
55AEA9CE	domino\user\a1lm06_oeduardrex.a1lm06_briefingsubv.debug.lua	unused	DECOY	31509	17	unreachable:authoring-twin
3A24F0F5	domino\user\a1lm06_oeduardrex.a1lm06_briefingsubv.lua	unknown	-	16396	17	opaque-referrers(domino)
8656C8F4	domino\user\a1lm06_oeduardrex.a1lm06_briefingsubvpawnbrief.debug.lua	unused	DECOY	17737	4	unreachable:authoring-twin
3AEC7BDF	domino\user\a1lm06_oeduardrex.a1lm06_briefingsubvpawnbrief.lua	unknown	-	6893	4	opaque-referrers(domino)
23F2FAF3	domino\user\a1lm06_oeduardrex.a1lm06_mission.debug.lua	unused	DECOY	106417	41	unreachable:authoring-twin
FB0A38E7	domino\user\a1lm06_oeduardrex.a1lm06_subv2_prince.debug.lua	unused	DECOY	16368	7	unreachable:authoring-twin
DED40E27	domino\user\a1lm06_oeduardrex.a1lm06_wagerobjective.debug.lua	unused	DECOY	6923	4	unreachable:authoring-twin
65169B07	domino\user\a1lm06_oeduardrex.a1lm06_wagerobjective.lua	unknown	-	3530	4	opaque-referrers(domino)
DEEC2F85	domino\user\a1sm01_townescape.a1sm01_mission.debug.lua	unused	DECOY	218732	60	unreachable:authoring-twin
CE98E8B3	domino\user\a1sm02_foolserrand.a1sm02_blue_assassination.debug.lua	unused	DECOY	28409	15	unreachable:authoring-twin
ACD97137	domino\user\a1sm02_foolserrand.a1sm02_briefing_forblue.debug.lua	unused	DECOY	127599	28	unreachable:authoring-twin
18F40E4F	domino\user\a1sm02_foolserrand.a1sm02_briefing_forred.debug.lua	unused	DECOY	126364	28	unreachable:authoring-twin
4C98BD9B	domino\user\a1sm02_foolserrand.a1sm02_mission_forblue.debug.lua	unused	DECOY	47706	23	unreachable:authoring-twin
8CD1BC45	domino\user\a1sm02_foolserrand.a1sm02_mission_forred.debug.lua	unused	DECOY	47038	23	unreachable:authoring-twin
3629841E	domino\user\a1sm02_foolserrand.a1sm02_red_assassination.debug.lua	unused	DECOY	31742	15	unreachable:authoring-twin
2688D0C5	domino\user\a1sm03_defensereversal.a1sm03_mission.debug.lua	unused	DECOY	107992	36	unreachable:authoring-twin
17307FC8	domino\user\a1sm03_defensereversal.a1sm03_spawnbuddies.debug.lua	unused	DECOY	64031	13	unreachable:authoring-twin
E33C2EED	domino\user\a1sm03_defensereversal.churchassault.debug.lua	unused	DECOY	58015	23	unreachable:authoring-twin
AE953D83	domino\user\a1sm03_defensereversal.churchbrief.debug.lua	unused	DECOY	86866	25	unreachable:authoring-twin
00BD4131	domino\user\a1sm03_defensereversal.mikesassault.debug.lua	unused	DECOY	40986	19	unreachable:authoring-twin
7221A14A	domino\user\a1sm03_defensereversal.mikesbrief.debug.lua	unused	DECOY	94767	31	unreachable:authoring-twin
43E42AEF	domino\user\a1sm03_defensereversal.mikesoutertriggers.debug.lua	unused	DECOY	9276	4	unreachable:authoring-twin
457B1F4E	domino\user\a1sm03_defensereversal.mikesoutertriggers.lua	unknown	-	3784	4	opaque-referrers(domino)
7B4FD8D6	domino\user\a2bu05_blackmamba.a2bu05_mission.debug.lua	unused	DECOY	39056	27	unreachable:authoring-twin
747E53A4	domino\user\a2bu05_blackmamba.a2bu05_mission.lua	unknown	-	19145	27	opaque-referrers(domino)
07020748	domino\user\a2bu06_oldbrewery.a2bu06_mission.debug.lua	unused	DECOY	27245	18	unreachable:authoring-twin
99DC2B46	domino\user\a2bu07_dogonring.a2bu07_mission.debug.lua	unused	DECOY	35537	20	unreachable:authoring-twin
1416AA34	domino\user\a2lm07_radioarmageddon.a2lm07_assassination.debug.lua	unused	DECOY	37828	20	unreachable:authoring-twin
99C3AF22	domino\user\a2lm07_radioarmageddon.a2lm07_briefingbase.debug.lua	unused	DECOY	41417	15	unreachable:authoring-twin
B669BD2D	domino\user\a2lm07_radioarmageddon.a2lm07_briefingsubv.debug.lua	unused	DECOY	26801	15	unreachable:authoring-twin
EAF5C382	domino\user\a2lm07_radioarmageddon.a2lm07_briefingsubv.lua	unknown	-	14552	15	opaque-referrers(domino)
E4768222	domino\user\a2lm07_radioarmageddon.a2lm07_briefingsubvpawnbrief.debug.lua	unused	DECOY	18704	5	unreachable:authoring-twin
BAE69583	domino\user\a2lm07_radioarmageddon.a2lm07_briefingsubvpawnbrief.lua	unknown	-	7227	5	opaque-referrers(domino)
16971892	domino\user\a2lm07_radioarmageddon.a2lm07_intimidation.debug.lua	unused	DECOY	44381	24	unreachable:authoring-twin
ED43CF5F	domino\user\a2lm07_radioarmageddon.a2lm07_mission.debug.lua	unused	DECOY	87602	31	unreachable:authoring-twin
B15D99B2	domino\user\a2lm07_radioarmageddon.a2lm07_wagerobjective.debug.lua	unused	DECOY	817	1	unreachable:authoring-twin
BAB8C5F1	domino\user\a2lm07_radioarmageddon.a2lm07_wagerobjective.lua	unknown	-	817	1	opaque-referrers(domino)
6F382473	domino\user\a2lm08_pipedreams.a2lm08_briefingbase.debug.lua	unused	DECOY	35198	12	unreachable:authoring-twin
4092367C	domino\user\a2lm08_pipedreams.a2lm08_briefingsubv.debug.lua	unused	DECOY	27511	16	unreachable:authoring-twin
F40CBF8B	domino\user\a2lm08_pipedreams.a2lm08_briefingsubv.lua	unknown	-	15054	16	opaque-referrers(domino)
2ABCDABC	domino\user\a2lm08_pipedreams.a2lm08_briefingsubvpawnbrief.debug.lua	unused	DECOY	20294	5	unreachable:authoring-twin
2580BBE6	domino\user\a2lm08_pipedreams.a2lm08_briefingsubvpawnbrief.lua	unknown	-	7999	5	opaque-referrers(domino)
94818E87	domino\user\a2lm08_pipedreams.a2lm08_mission.debug.lua	unused	DECOY	154872	46	unreachable:authoring-twin
689759F4	domino\user\a2lm08_pipedreams.a2lm08_wagerobjective.debug.lua	unused	DECOY	10325	8	unreachable:authoring-twin
32C95D56	domino\user\a2lm08_pipedreams.a2lm08_wagerobjective.lua	unknown	-	5181	8	opaque-referrers(domino)
200C5B85	domino\user\a2lm09_dentalplan.a2lm09_briefingbase.debug.lua	unused	DECOY	35187	12	unreachable:authoring-twin
0FA6498A	domino\user\a2lm09_dentalplan.a2lm09_briefingsubv.debug.lua	unused	DECOY	27443	16	unreachable:authoring-twin
295636BD	domino\user\a2lm09_dentalplan.a2lm09_briefingsubv.lua	unknown	-	14984	16	opaque-referrers(domino)
1802DA68	domino\user\a2lm09_dentalplan.a2lm09_briefingsubvpawnbrief.debug.lua	unused	DECOY	19695	5	unreachable:authoring-twin
1DDA2547	domino\user\a2lm09_dentalplan.a2lm09_briefingsubvpawnbrief.lua	unknown	-	7628	5	opaque-referrers(domino)
5BE64197	domino\user\a2lm09_dentalplan.a2lm09_mission.debug.lua	unused	DECOY	192618	61	unreachable:authoring-twin
EACB3C56	domino\user\a2lm09_dentalplan.a2lm09_wagerobjective.debug.lua	unused	DECOY	11093	6	unreachable:authoring-twin
2FB12AFD	domino\user\a2lm09_dentalplan.a2lm09_wagerobjective.lua	unknown	-	5245	6	opaque-referrers(domino)
ACEE61F7	domino\user\a2lm10_flyingjackal.a2lm10_assassination.debug.lua	unused	DECOY	36804	20	unreachable:authoring-twin
DCAD6315	domino\user\a2lm10_flyingjackal.a2lm10_briefingbase.debug.lua	unused	DECOY	35271	12	unreachable:authoring-twin
F307711A	domino\user\a2lm10_flyingjackal.a2lm10_briefingsubv.debug.lua	unused	DECOY	26704	15	unreachable:authoring-twin
3C51CB2B	domino\user\a2lm10_flyingjackal.a2lm10_briefingsubv.lua	unknown	-	14543	15	opaque-referrers(domino)
0733D126	domino\user\a2lm10_flyingjackal.a2lm10_briefingsubvpawnbrief.debug.lua	unused	DECOY	18564	5	unreachable:authoring-twin
5687B2CE	domino\user\a2lm10_flyingjackal.a2lm10_briefingsubvpawnbrief.lua	unknown	-	7164	5	opaque-referrers(domino)
E77CCE0E	domino\user\a2lm10_flyingjackal.a2lm10_kilnsexplosion.debug.lua	unused	DECOY	15882	8	unreachable:authoring-twin
429F701B	domino\user\a2lm10_flyingjackal.a2lm10_mission.debug.lua	unused	DECOY	86708	31	unreachable:authoring-twin
98156B67	domino\user\a2lm10_flyingjackal.a2lm10_wagerexplosion.debug.lua	unused	DECOY	29422	7	unreachable:authoring-twin
B388F273	domino\user\a2lm10_flyingjackal.a2lm10_wagerobjective.debug.lua	unused	DECOY	814	1	unreachable:authoring-twin
CBA69CC7	domino\user\a2lm10_flyingjackal.a2lm10_wagerobjective.lua	unknown	-	814	1	opaque-referrers(domino)
ED3A3432	domino\user\a2lm11_abridgetoofar.a2lm11_assassination.debug.lua	unused	DECOY	30073	17	unreachable:authoring-twin
6AF8078D	domino\user\a2lm11_abridgetoofar.a2lm11_bridgeexplosion.debug.lua	unused	DECOY	33673	19	unreachable:authoring-twin
71C4F0C0	domino\user\a2lm11_abridgetoofar.a2lm11_bridgepiecesvisibility.debug.lua	unused	DECOY	38369	6	unreachable:authoring-twin
0C82C6BE	domino\user\a2lm11_abridgetoofar.a2lm11_briefingbase.debug.lua	unused	DECOY	35325	12	unreachable:authoring-twin
2328D4B1	domino\user\a2lm11_abridgetoofar.a2lm11_briefingsubv.debug.lua	unused	DECOY	26732	15	unreachable:authoring-twin
650AB2C9	domino\user\a2lm11_abridgetoofar.a2lm11_briefingsubv.lua	unknown	-	14546	15	opaque-referrers(domino)
A8A471A5	domino\user\a2lm11_abridgetoofar.a2lm11_briefingsubvpawnbrief.debug.lua	unused	DECOY	21294	5	unreachable:authoring-twin
FB0B756A	domino\user\a2lm11_abridgetoofar.a2lm11_briefingsubvpawnbrief.lua	unknown	-	8597	5	opaque-referrers(domino)
205E1FB3	domino\user\a2lm11_abridgetoofar.a2lm11_giveitempawnbrief.debug.lua	unused	DECOY	27416	16	unreachable:authoring-twin
0CC2A836	domino\user\a2lm11_abridgetoofar.a2lm11_mission.debug.lua	unused	DECOY	111253	40	unreachable:authoring-twin
58C71019	domino\user\a2lm11_abridgetoofar.a2lm11_wagerobjective.debug.lua	unused	DECOY	14459	8	unreachable:authoring-twin
5C96B24E	domino\user\a2lm12_bunkerbuster.a2lm12_assassination.debug.lua	unused	DECOY	43996	23	unreachable:authoring-twin
32993F82	domino\user\a2lm12_bunkerbuster.a2lm12_baseassassination.debug.lua	unused	DECOY	19255	10	unreachable:authoring-twin
58144EC9	domino\user\a2lm12_bunkerbuster.a2lm12_baseassassination.lua	unknown	-	8414	10	opaque-referrers(domino)
ABED9E85	domino\user\a2lm12_bunkerbuster.a2lm12_briefingbase.debug.lua	unused	DECOY	35297	12	unreachable:authoring-twin
84478C8A	domino\user\a2lm12_bunkerbuster.a2lm12_briefingsubv.debug.lua	unused	DECOY	27658	15	unreachable:authoring-twin
44BAD768	domino\user\a2lm12_bunkerbuster.a2lm12_briefingsubv.lua	unknown	-	14883	15	opaque-referrers(domino)
FBE4DA83	domino\user\a2lm12_bunkerbuster.a2lm12_briefingsubvpawnbrief.debug.lua	unused	DECOY	17910	4	unreachable:authoring-twin
7C5AD429	domino\user\a2lm12_bunkerbuster.a2lm12_briefingsubvpawnbrief.lua	unknown	-	7019	4	opaque-referrers(domino)
24B92935	domino\user\a2lm12_bunkerbuster.a2lm12_intimidation.debug.lua	unused	DECOY	51660	24	unreachable:authoring-twin
AD328B2D	domino\user\a2lm12_bunkerbuster.a2lm12_mission.debug.lua	unused	DECOY	81832	32	unreachable:authoring-twin
BCEA6B8A	domino\user\a2lm12_bunkerbuster.a2lm12_planeflyby.debug.lua	unused	DECOY	15900	10	unreachable:authoring-twin
01C58188	domino\user\a2lm12_bunkerbuster.a2lm12_wagerobjective.debug.lua	unused	DECOY	14480	6	unreachable:authoring-twin
04F3A4A5	domino\user\a2lm12_bunkerbuster.a2lm12_wagerobjective.lua	unknown	-	8001	6	opaque-referrers(domino)
95DAF0D3	domino\user\a2sm04_exileworld2.a2sm04_mission.debug.lua	unused	DECOY	137306	45	unreachable:authoring-twin
79D02956	domino\user\a2sm05_reprisal1.a2sm05_borderstorm.debug.lua	unused	DECOY	27608	8	unreachable:authoring-twin
ED11E2B9	domino\user\a2sm05_reprisal1.a2sm05_briefing_forblue.debug.lua	unused	DECOY	50293	24	unreachable:authoring-twin
D41DE0E4	domino\user\a2sm05_reprisal1.a2sm05_briefing_forred.debug.lua	unused	DECOY	50264	24	unreachable:authoring-twin
80715330	domino\user\a2sm05_reprisal1.a2sm05_mission_forblue.debug.lua	unused	DECOY	23584	15	unreachable:authoring-twin
694882F1	domino\user\a2sm05_reprisal1.a2sm05_mission_forred.debug.lua	unused	DECOY	23532	15	unreachable:authoring-twin
DB82093C	domino\user\a2sm05_reprisal1.a2sm05_warlordassassination.debug.lua	unused	DECOY	36395	18	unreachable:authoring-twin
AF1593D5	domino\user\a2sm06_hornetnest.a2sm06_bargesequence.debug.lua	unused	DECOY	110802	30	unreachable:authoring-twin
73E4E3DC	domino\user\a2sm06_hornetnest.a2sm06_briefing_forblue.debug.lua	unused	DECOY	61742	29	unreachable:authoring-twin
458926E3	domino\user\a2sm06_hornetnest.a2sm06_briefing_forred.debug.lua	unused	DECOY	61691	29	unreachable:authoring-twin
5B0D91E4	domino\user\a2sm06_hornetnest.a2sm06_buddybriefing.debug.lua	unused	DECOY	34861	14	unreachable:authoring-twin
4AFB596A	domino\user\a2sm06_hornetnest.a2sm06_doctorbriefing.debug.lua	unused	DECOY	15499	7	unreachable:authoring-twin
E671CBB1	domino\user\a2sm06_hornetnest.a2sm06_endless_reinforcement.debug.lua	unused	DECOY	16853	3	unreachable:authoring-twin
71DAF1B1	domino\user\a2sm06_hornetnest.a2sm06_endless_reinforcement.lua	unknown	-	6795	3	opaque-referrers(domino)
2979B680	domino\user\a2sm06_hornetnest.a2sm06_first_reinforcement.debug.lua	unused	DECOY	5098	3	unreachable:authoring-twin
8AAC59FD	domino\user\a2sm06_hornetnest.a2sm06_first_reinforcement.lua	unknown	-	2594	3	opaque-referrers(domino)
64E8951D	domino\user\a2sm06_hornetnest.a2sm06_hubaidensity.debug.lua	unused	DECOY	13275	3	unreachable:authoring-twin
4C2E27BB	domino\user\a2sm06_hornetnest.a2sm06_hubaidensity.lua	unknown	-	8034	3	opaque-referrers(domino)
02CAD56A	domino\user\a2sm06_hornetnest.a2sm06_mission.debug.lua	unused	DECOY	108516	39	unreachable:authoring-twin
D80573E8	domino\user\a2sm07_jacksbuddy.a2sm07_buddybriefing.debug.lua	unused	DECOY	16948	7	unreachable:authoring-twin
00535018	domino\user\a2sm07_jacksbuddy.a2sm07_buddyprebrief.debug.lua	unused	DECOY	9881	7	unreachable:authoring-twin
BF8F5E0A	domino\user\a2sm07_jacksbuddy.a2sm07_hubaidensity.debug.lua	unused	DECOY	7190	2	unreachable:authoring-twin
E830436A	domino\user\a2sm07_jacksbuddy.a2sm07_hubaidensity.lua	unknown	-	4342	2	opaque-referrers(domino)
F3BA294C	domino\user\a2sm07_jacksbuddy.a2sm07_mission.debug.lua	unused	DECOY	55264	25	unreachable:authoring-twin
AE55F84B	domino\user\a2sm08_warlordassassination.a2sm08_briefing_forblue.debug.lua	unused	DECOY	166850	32	unreachable:authoring-twin
F9EE788C	domino\user\a2sm08_warlordassassination.a2sm08_briefing_forred.debug.lua	unused	DECOY	165801	32	unreachable:authoring-twin
90770B7F	domino\user\a2sm08_warlordassassination.a2sm08_briefsubv_forblue.debug.lua	unused	DECOY	25207	11	unreachable:authoring-twin
B56A976B	domino\user\a2sm08_warlordassassination.a2sm08_briefsubv_forred.debug.lua	unused	DECOY	25180	11	unreachable:authoring-twin
AD82CB58	domino\user\a2sm08_warlordassassination.a2sm08_mission_forblue.debug.lua	unused	DECOY	67488	34	unreachable:authoring-twin
983F670E	domino\user\a2sm08_warlordassassination.a2sm08_mission_forred.debug.lua	unused	DECOY	75742	34	unreachable:authoring-twin
7890AFEE	domino\user\a2sm09_prison.a2sm09_mission.debug.lua	unused	DECOY	182328	55	unreachable:authoring-twin
D821F804	domino\user\a3cine.a3cine_theend.debug.lua	unused	DECOY	8136	3	unreachable:authoring-twin
1A857143	domino\user\a3cine.a3cine_theend.lua	unknown	-	4880	3	opaque-referrers(domino)
0A03E07D	domino\user\a3sm11_reprisal2.a3sm11_blue_assassination.debug.lua	unused	DECOY	36855	19	unreachable:authoring-twin
E192EB29	domino\user\a3sm11_reprisal2.a3sm11_briefing_forblue.debug.lua	unused	DECOY	62508	27	unreachable:authoring-twin
E10F482F	domino\user\a3sm11_reprisal2.a3sm11_briefing_forred.debug.lua	unused	DECOY	61786	26	unreachable:authoring-twin
B563FBFB	domino\user\a3sm11_reprisal2.a3sm11_mission_forblue.debug.lua	unused	DECOY	31861	23	unreachable:authoring-twin
CE48B3D9	domino\user\a3sm11_reprisal2.a3sm11_mission_forred.debug.lua	unused	DECOY	31797	23	unreachable:authoring-twin
CC6BF2E7	domino\user\a3sm11_reprisal2.a3sm11_red_assassination.debug.lua	unused	DECOY	36678	19	unreachable:authoring-twin
29ACA226	domino\user\a3sm12_housecleaning1.a3sm12_assassination_forblue.debug.lua	unused	DECOY	95295	24	unreachable:authoring-twin
0817C71D	domino\user\a3sm12_housecleaning1.a3sm12_assassination_forred.debug.lua	unused	DECOY	133757	25	unreachable:authoring-twin
CA7BEADE	domino\user\a3sm12_housecleaning1.a3sm12_briefing_hq_forblue.debug.lua	unused	DECOY	24753	15	unreachable:authoring-twin
BC542D95	domino\user\a3sm12_housecleaning1.a3sm12_briefing_hq_forred.debug.lua	unused	DECOY	23975	14	unreachable:authoring-twin
880205C2	domino\user\a3sm12_housecleaning1.a3sm12_briefmisn_forblue.debug.lua	unused	DECOY	13294	7	unreachable:authoring-twin
77235DBC	domino\user\a3sm12_housecleaning1.a3sm12_briefmisn_forred.debug.lua	unused	DECOY	13227	7	unreachable:authoring-twin
46F50949	domino\user\a3sm12_housecleaning1.a3sm12_guardbriefing.debug.lua	unused	DECOY	35865	17	unreachable:authoring-twin
09B24CD1	domino\user\a3sm12_housecleaning1.a3sm12_mission_forblue.debug.lua	unused	DECOY	65324	29	unreachable:authoring-twin
797C8368	domino\user\a3sm12_housecleaning1.a3sm12_mission_forred.debug.lua	unused	DECOY	64396	29	unreachable:authoring-twin
17E1314D	domino\user\a3sm13_housecleaning2.a3sm13_assassination_forblue.debug.lua	unused	DECOY	95565	24	unreachable:authoring-twin
2BF377FA	domino\user\a3sm13_housecleaning2.a3sm13_assassination_forred.debug.lua	unused	DECOY	134230	25	unreachable:authoring-twin
B2A2A99D	domino\user\a3sm13_housecleaning2.a3sm13_briefing_mikes_forblue.debug.lua	unused	DECOY	61059	24	unreachable:authoring-twin
62DECCDD	domino\user\a3sm13_housecleaning2.a3sm13_briefing_mikes_forred.debug.lua	unused	DECOY	58651	24	unreachable:authoring-twin
45DB548B	domino\user\a3sm13_housecleaning2.a3sm13_briefmisn_forblue.debug.lua	unused	DECOY	18023	5	unreachable:authoring-twin
79748749	domino\user\a3sm13_housecleaning2.a3sm13_briefmisn_forred.debug.lua	unused	DECOY	17995	5	unreachable:authoring-twin
85E08BD9	domino\user\a3sm13_housecleaning2.a3sm13_mission_forblue.debug.lua	unused	DECOY	64447	26	unreachable:authoring-twin
F8C77836	domino\user\a3sm13_housecleaning2.a3sm13_mission_forred.debug.lua	unused	DECOY	65046	26	unreachable:authoring-twin
2E7A6684	domino\user\a3sm13_housecleaning2.a3sm13_reuben_briefing.debug.lua	unused	DECOY	13492	7	unreachable:authoring-twin
0F0EA7FD	domino\user\a3sm13_housecleaning2.a3sm13_subv_assassination_forblue.debug.lua	unused	DECOY	20693	16	unreachable:authoring-twin
7322B02D	domino\user\a3sm13_housecleaning2.a3sm13_subv_assassination_forred.debug.lua	unused	DECOY	20641	16	unreachable:authoring-twin
65E77804	domino\user\a3sm13_housecleaning2.bodyguard_state.debug.lua	unused	DECOY	22431	15	unreachable:authoring-twin
E0BE65A9	domino\user\a3sm13_housecleaning2.bodyguard_state.lua	unknown	-	11361	15	opaque-referrers(domino)
6FD4A033	domino\user\a3sm14_heartofdarkeness.a3sm14_mission.debug.lua	unused	DECOY	165155	37	unreachable:authoring-twin
78172D6A	domino\user\a3sm15_buddiesbetrayalfinalbattle.a3sm15_bordercombriefing.debug.lua	unused	DECOY	30946	17	unreachable:authoring-twin
CAAC338E	domino\user\a3sm15_buddiesbetrayalfinalbattle.a3sm15_buddiesfight.debug.lua	unused	DECOY	123437	28	unreachable:authoring-twin
76FDFC67	domino\user\a3sm15_buddiesbetrayalfinalbattle.a3sm15_buddybriefing.debug.lua	unused	DECOY	34330	12	unreachable:authoring-twin
3684DAFD	domino\user\a3sm15_buddiesbetrayalfinalbattle.a3sm15_buddybriefing.lua	unknown	-	14300	12	opaque-referrers(domino)
8511728F	domino\user\a3sm15_buddiesbetrayalfinalbattle.a3sm15_closingscene.debug.lua	unused	DECOY	48000	23	unreachable:authoring-twin
CF3FC4C4	domino\user\a3sm15_buddiesbetrayalfinalbattle.a3sm15_diamonds.debug.lua	unused	DECOY	7665	3	unreachable:authoring-twin
FDC0CC11	domino\user\a3sm15_buddiesbetrayalfinalbattle.a3sm15_finalbriefing.debug.lua	unused	DECOY	80711	25	unreachable:authoring-twin
74F11987	domino\user\a3sm15_buddiesbetrayalfinalbattle.a3sm15_magicalhealingtrigger.debug.lua	unused	DECOY	12758	7	unreachable:authoring-twin
6DDF5A64	domino\user\a3sm15_buddiesbetrayalfinalbattle.a3sm15_mission.debug.lua	unused	DECOY	56697	32	unreachable:authoring-twin
09C1C7C8	domino\user\a3sm15_buddiesbetrayalfinalbattle.a3sm15_redemptionending.debug.lua	unused	DECOY	28420	20	unreachable:authoring-twin
A2ED314A	domino\user\a3sm15_buddiesbetrayalfinalbattle.a3sm15_spawnbuddies.debug.lua	unused	DECOY	40842	12	unreachable:authoring-twin
D4C7E60E	domino\user\a3sm15_buddiesbetrayalfinalbattle.a3sm15_spawnbuddies.lua	unknown	-	29095	12	opaque-referrers(domino)
71D9F2EF	domino\user\a3sm15_buddiesbetrayalfinalbattle.a3sm15_spawnwarlords.debug.lua	unused	DECOY	24604	6	unreachable:authoring-twin
8F52978D	domino\user\a3sm15_buddiesbetrayalfinalbattle.a3sm15_survivalending.debug.lua	unused	DECOY	22479	16	unreachable:authoring-twin
C636F51F	domino\user\a3sm15_buddiesbetrayalfinalbattle.a3sm15_warlordsbriefing.debug.lua	unused	DECOY	67399	19	unreachable:authoring-twin
54EE66C4	domino\user\a3sm16_noblesacrifice.a3sm16_briefing.debug.lua	unused	DECOY	36271	13	unreachable:authoring-twin
5CAFE758	domino\user\a3sm16_noblesacrifice.a3sm16_briefing.lua	unknown	-	18131	13	opaque-referrers(domino)
44085E64	domino\user\bsq01_fueltheviolence.bsq01_mission.debug.lua	unused	DECOY	15872	11	unreachable:authoring-twin
7778A3BA	domino\user\bsq02_lostinthegy.bsq02_mission.debug.lua	unused	DECOY	13123	10	unreachable:authoring-twin
51CA360A	domino\user\bsq03_hiddenarmory.bsq03_mission.debug.lua	unused	DECOY	15302	12	unreachable:authoring-twin
3E56D0A6	domino\user\bsq04_burnthewater.bsq04_mission.debug.lua	unused	DECOY	25032	14	unreachable:authoring-twin
700C6C15	domino\user\bsq05_supplyanddemand.bsq05_mission.debug.lua	unused	DECOY	14662	10	unreachable:authoring-twin
050F7E9C	domino\user\bsq06_harshdefault.bsq06_mission.debug.lua	unused	DECOY	39567	13	unreachable:authoring-twin
64154752	domino\user\bsq07_greenfingers.bsq07_mission.debug.lua	unused	DECOY	15570	10	unreachable:authoring-twin
24C2699D	domino\user\bsq08_theprototype.bsq08_mission.debug.lua	unused	DECOY	14762	10	unreachable:authoring-twin
D4CCCF62	domino\user\bsq09_junkmedicine.bsq09_mission.debug.lua	unused	DECOY	17839	12	unreachable:authoring-twin
DEE4BD3A	domino\user\bsq10_agentyellow.bsq10_mission.debug.lua	unused	DECOY	15634	10	unreachable:authoring-twin
E8A2806E	domino\user\bsq11_hazelnuts.bsq11_mission.debug.lua	unused	DECOY	23709	11	unreachable:authoring-twin
29606D9D	domino\user\bsq12_lemonbeater.bsq12_mission.debug.lua	unused	DECOY	15676	10	unreachable:authoring-twin
119336C0	domino\user\bsq13_dreadlock.bsq13_mission.debug.lua	unused	DECOY	15561	10	unreachable:authoring-twin
1BAD1F2F	domino\user\bsq14_guinaassassination.bsq14_mission.debug.lua	unused	DECOY	15439	9	unreachable:authoring-twin
0F3605E4	domino\user\bsq15_brewery.bsq15_mission.debug.lua	unused	DECOY	15463	10	unreachable:authoring-twin
0EDF11E7	domino\user\bsq16_fromafar.bsq16_combat.debug.lua	unused	DECOY	9693	8	unreachable:authoring-twin
F40FF420	domino\user\bsq16_fromafar.bsq16_combat.lua	unknown	-	4674	8	opaque-referrers(domino)
46E9306C	domino\user\bsq16_fromafar.bsq16_mission.debug.lua	unused	DECOY	14686	10	unreachable:authoring-twin
89A5AEB9	domino\user\bsq17_apumpingexplosion.bsq17_mission.debug.lua	unused	DECOY	18008	11	unreachable:authoring-twin
71A6E008	domino\user\bsq18_passeporttohell.bsq18_mission.debug.lua	unused	DECOY	15663	10	unreachable:authoring-twin
323B3EEB	domino\user\bsq19_wanted.bsq19_mission.debug.lua	unused	DECOY	15480	10	unreachable:authoring-twin
4777B9F6	domino\user\bsq20_dirtytalk.bsq20_mission.debug.lua	unused	DECOY	15536	10	unreachable:authoring-twin
CAAE7DE2	domino\user\bsq21_wipethecompetition.bsq21_mission.debug.lua	unused	DECOY	18827	12	unreachable:authoring-twin
4DD90526	domino\user\bsq22_treasurehunt.bsq22_mission.debug.lua	unused	DECOY	15674	10	unreachable:authoring-twin
22CA34F6	domino\user\bsq23_schoolsout.bsq23_mission.debug.lua	unused	DECOY	18341	11	unreachable:authoring-twin
580CD82F	domino\user\bsq24_driveby.bsq24_mission.debug.lua	unused	DECOY	15614	10	unreachable:authoring-twin
534120CF	domino\user\bsq25_jackinabox.bsq25_mission.debug.lua	unused	DECOY	17316	11	unreachable:authoring-twin
B951607D	domino\user\bsq26_littleconspiracy.bsq26_mission.debug.lua	unused	DECOY	14713	9	unreachable:authoring-twin
A8B17B7D	domino\user\common_buddysidequests.bsq00_donotuse.debug.lua	unused	DECOY	880	1	unreachable:authoring-twin
C0758542	domino\user\common_buddysidequests.bsq00_donotuse.lua	unknown	-	880	1	opaque-referrers(domino)
5D1F3141	domino\user\common_buddysidequests.bsq_activate_and_cancel.debug.lua	unused	DECOY	16155	8	unreachable:authoring-twin
BEFFA9A2	domino\user\common_buddysidequests.bsq_missionbriefing.debug.lua	unused	DECOY	32187	13	unreachable:authoring-twin
98FB4ABB	domino\user\common_buddysidequests.bsq_missiondebriefing.debug.lua	unused	DECOY	25471	12	unreachable:authoring-twin
B12D94E7	domino\user\common_buddysidequests.bsq_nomission.debug.lua	unused	DECOY	16331	9	unreachable:authoring-twin
5338AF7A	domino\user\common_buddysidequests.bsq_template_destroy.debug.lua	unused	DECOY	4434	4	unreachable:authoring-twin
9B5397E5	domino\user\common_buddysidequests.bsq_template_destroy.lua	unknown	-	2917	4	opaque-referrers(domino)
C17C0407	domino\user\common_buddysidequests.bsq_template_fetch.debug.lua	unused	DECOY	2141	2	unreachable:authoring-twin
29E43E18	domino\user\common_buddysidequests.bsq_template_fetch.lua	unknown	-	1542	2	opaque-referrers(domino)
67E17FCE	domino\user\common_buddysidequests.bsq_template_kill.debug.lua	unused	DECOY	3221	3	unreachable:authoring-twin
4F56BB96	domino\user\common_buddysidequests.bsq_template_kill.lua	unknown	-	2075	3	opaque-referrers(domino)
58213C04	domino\user\common_customboxes.buddy_death_and_betrayal.debug.lua	unused	DECOY	14806	9	unreachable:authoring-twin
FA107768	domino\user\common_customboxes.buddy_unlock_rescue.debug.lua	unused	DECOY	34015	15	unreachable:authoring-twin
93104FB1	domino\user\common_customboxes.buddy_unlock_rescue.lua	unknown	-	17634	15	opaque-referrers(domino)
72DBF6F8	domino\user\common_customboxes.cheat_giveweapons.debug.lua	unused	DECOY	60574	4	unreachable:authoring-twin
5F81E184	domino\user\common_customboxes.getfinalwarlord.debug.lua	unused	DECOY	15675	4	unreachable:authoring-twin
DE7CED48	domino\user\common_customboxes.helperfromstory_basebrief.debug.lua	unused	DECOY	59239	5	unreachable:authoring-twin
094A3945	domino\user\common_customboxes.helperfromstory_names.debug.lua	unused	DECOY	18718	5	unreachable:authoring-twin
5CFB9609	domino\user\common_customboxes.interactspecial.debug.lua	unused	DECOY	22020	14	unreachable:authoring-twin
40AFF4C1	domino\user\common_customboxes.interactspecial.lua	unknown	-	12762	14	opaque-referrers(domino)
74C1DD99	domino\user\common_customboxes.missionacceptedbroadcast.debug.lua	unused	DECOY	26323	11	unreachable:authoring-twin
167421BA	domino\user\common_customboxes.missionacceptedlistener.debug.lua	unused	DECOY	10397	5	unreachable:authoring-twin
08EDCB61	domino\user\common_customboxes.missioncompletebroadcast.debug.lua	unused	DECOY	32682	12	unreachable:authoring-twin
E68D6E74	domino\user\common_customboxes.missioncompletelistener.debug.lua	unused	DECOY	8767	3	unreachable:authoring-twin
7E0C9474	domino\user\common_customboxes.pawn_combat.debug.lua	unused	DECOY	31254	14	unreachable:authoring-twin
882F1514	domino\user\common_customboxes.player_and_buddy_exit_area.debug.lua	unused	DECOY	25797	9	unreachable:authoring-twin
25F47115	domino\user\common_customboxes.post_libmission_w1.debug.lua	unused	DECOY	9196	5	unreachable:authoring-twin
BC161714	domino\user\common_customboxes.post_libmission_w2.debug.lua	unused	DECOY	9196	5	unreachable:authoring-twin
4BD656A1	domino\user\common_customboxes.set_helperfromstory.debug.lua	unused	DECOY	24777	4	unreachable:authoring-twin
CF7C537C	domino\user\common_customboxes.setdifficulty.debug.lua	unused	DECOY	4559	2	unreachable:authoring-twin
E6EB1234	domino\user\common_customboxes.setenvironmenteffects.debug.lua	unused	DECOY	19296	7	unreachable:authoring-twin
FC2B8C11	domino\user\common_customboxes.setfinalwarlord.debug.lua	unused	DECOY	74954	7	unreachable:authoring-twin
024F5677	domino\user\common_customboxes.startmusictrigger.debug.lua	unused	DECOY	27119	9	unreachable:authoring-twin
20DC55B6	domino\user\common_customboxes.subvertrewardw1.debug.lua	unused	DECOY	25181	7	unreachable:authoring-twin
B93E33B7	domino\user\common_customboxes.subvertrewardw2.debug.lua	unused	DECOY	26802	7	unreachable:authoring-twin
56D1A927	domino\user\common_customboxes.time_sequenced_output.debug.lua	unused	DECOY	8449	6	unreachable:authoring-twin
9DB6A3D6	domino\user\common_customboxes.update_global_character_names.debug.lua	unused	DECOY	713	1	unreachable:authoring-twin
F1D0F119	domino\user\common_customboxes.update_global_character_names.lua	unknown	-	713	1	opaque-referrers(domino)
52AA2228	domino\user\common_customboxes.wager_buddydefend_dialogs.debug.lua	unused	DECOY	51353	20	unreachable:authoring-twin
F41DC196	domino\user\common_customboxes.wager_v3.debug.lua	unused	DECOY	135052	28	unreachable:authoring-twin
10670E55	domino\user\common_hq_doorman.hqdoorman_a3sm13.debug.lua	unused	DECOY	19927	15	unreachable:authoring-twin
44C3D51C	domino\user\common_hq_doorman.hqdoorman_basebriefing.debug.lua	unused	DECOY	14230	8	unreachable:authoring-twin
9622CC2A	domino\user\common_hq_doorman.hqdoorman_buddyunlock.debug.lua	unused	DECOY	16155	9	unreachable:authoring-twin
4BAF3CF3	domino\user\common_hq_doorman.hqdoorman_init_interact_combat.debug.lua	unused	DECOY	156683	42	unreachable:authoring-twin
8655BFD9	domino\user\common_hq_doorman.hqdoorman_remote.debug.lua	unused	DECOY	19563	10	unreachable:authoring-twin
700A37B0	domino\user\common_missionbriefings.basebrief_convo.debug.lua	unused	DECOY	22819	9	unreachable:authoring-twin
398DCCC2	domino\user\common_missionbriefings.basebrief_exit_refuse.debug.lua	unused	DECOY	37712	18	unreachable:authoring-twin
3AA6DDC4	domino\user\common_missionbriefings.basebrief_greet.debug.lua	unused	DECOY	49388	10	unreachable:authoring-twin
805D223E	domino\user\common_missionbriefings.basebrief_guard_close.debug.lua	unused	DECOY	9822	7	unreachable:authoring-twin
88F2E410	domino\user\common_missionbriefings.basebrief_guard_open.debug.lua	unused	DECOY	42516	12	unreachable:authoring-twin
6F1E02B8	domino\user\common_missionbriefings.basebrief_init.debug.lua	unused	DECOY	38175	18	unreachable:authoring-twin
E50DA3EB	domino\user\common_missionbriefings.basebrief_lib-mission_loading.debug.lua	unused	DECOY	22475	11	unreachable:authoring-twin
8135B244	domino\user\common_missionbriefings.basebrief_pickup_recap_accept.debug.lua	unused	DECOY	59468	15	unreachable:authoring-twin
B86DD310	domino\user\common_missionbriefings.basebrief_robust_disrupt.debug.lua	unused	DECOY	34877	14	unreachable:authoring-twin
E3B2D84E	domino\user\common_missionbriefings.basebrief_robust_offer.debug.lua	unused	DECOY	40162	11	unreachable:authoring-twin
EADBDF71	domino\user\common_missionbriefings.briefing_subvert.debug.lua	unused	DECOY	63043	26	unreachable:authoring-twin
04D27428	domino\user\common_missionbriefings.buddy_phone_call_w1.debug.lua	unused	DECOY	28359	13	unreachable:authoring-twin
9D301229	domino\user\common_missionbriefings.buddy_phone_call_w2.debug.lua	unused	DECOY	26292	13	unreachable:authoring-twin
6A0C8636	domino\user\common_missionbriefings.dialogoverlap_getstatus.debug.lua	unused	DECOY	3079	2	unreachable:authoring-twin
9026B0DE	domino\user\common_missionbriefings.dialogoverlap_setstatus.debug.lua	unused	DECOY	5920	5	unreachable:authoring-twin
0B38CD33	domino\user\common_missionbriefings.scriptedpawn_dialog_interact.debug.lua	unused	DECOY	142854	19	unreachable:authoring-twin
C4E60921	domino\user\common_missionbriefings.scriptedpawn_finished.debug.lua	unused	DECOY	90395	26	unreachable:authoring-twin
F809640B	domino\user\common_missionbriefings.scriptedpawn_interact_plus.debug.lua	unused	DECOY	136873	23	unreachable:authoring-twin
2471E078	domino\user\common_missionbriefings.scriptedpawn_wait_beckon_greet.debug.lua	unused	DECOY	278846	26	unreachable:authoring-twin
D2E27D45	domino\user\debugboxes\bypasses.bypass_setw1lieutenant.debug.lua	unused	DECOY	13493	7	unreachable:authoring-twin
E5288390	domino\user\debugboxes\bypasses.bypass_world1_bsqtest.debug.lua	unused	DECOY	9008	6	unreachable:authoring-twin
9A17C849	domino\user\debugboxes\bypasses.bypass_world1_finished_2_librarymissions.debug.lua	unused	DECOY	14714	7	unreachable:authoring-twin
264E958E	domino\user\debugboxes\bypasses.bypass_world1_finished_4_librarymissions.debug.lua	unused	DECOY	14708	7	unreachable:authoring-twin
ABE097E7	domino\user\debugboxes\bypasses.bypass_world1_finishedlibrarymissions.debug.lua	unused	DECOY	22253	9	unreachable:authoring-twin
100A32A1	domino\user\debugboxes\bypasses.bypass_world1_setbuddies.debug.lua	unused	DECOY	9105	5	unreachable:authoring-twin
6676550D	domino\user\debugboxes\bypasses.bypass_world1_setbuddies.lua	unknown	-	6355	5	opaque-referrers(domino)
D314555C	domino\user\debugboxes\bypasses.bypass_world1_setuplibrarymissions.debug.lua	unused	DECOY	46006	16	unreachable:authoring-twin
4B99B33A	domino\user\debugboxes\bypasses.bypass_world1_starta1sm04.debug.lua	unused	DECOY	22016	9	unreachable:authoring-twin
D2A7099C	domino\user\debugboxes\bypasses.bypass_world1_startlibrarymissions.debug.lua	unused	DECOY	67879	14	unreachable:authoring-twin
467E0539	domino\user\debugboxes\bypasses.bypass_world2_bsqtest.debug.lua	unused	DECOY	13935	9	unreachable:authoring-twin
A305F348	domino\user\debugboxes\bypasses.bypass_world2_default.debug.lua	unused	DECOY	21907	9	unreachable:authoring-twin
D7FFC82E	domino\user\debugboxes\bypasses.bypass_world2_finished_2_librarymissions.debug.lua	unused	DECOY	22281	9	unreachable:authoring-twin
6BA695E9	domino\user\debugboxes\bypasses.bypass_world2_finished_4_librarymissions.debug.lua	unused	DECOY	22281	9	unreachable:authoring-twin
2033A9FE	domino\user\debugboxes\bypasses.bypass_world2_finishedlibrarymissions.debug.lua	unused	DECOY	22205	9	unreachable:authoring-twin
1A0B5DE3	domino\user\debugboxes\bypasses.bypass_world2_setuplibrarymissions.debug.lua	unused	DECOY	42525	16	unreachable:authoring-twin
E6EABDBA	domino\user\debugboxes\bypasses.bypass_world2_starta3sm12.debug.lua	unused	DECOY	21970	9	unreachable:authoring-twin
0E5F77F9	domino\user\debugboxes\bypasses.bypass_world2_starta3sm14.debug.lua	unused	DECOY	21968	9	unreachable:authoring-twin
1BB80123	domino\user\debugboxes\bypasses.bypass_world2_startlibrarymissions.debug.lua	unused	DECOY	22155	9	unreachable:authoring-twin
B9EDBCCD	domino\user\demo\journalistdemo.main.lua	unknown	-	17474	21	opaque-referrers(domino)
A3701253	domino\user\dlc\dlc1weapons.graph.debug.lua	unused	DECOY	1585	2	unreachable:authoring-twin
6B304D7F	domino\user\dlc\dlc1world.graph.debug.lua	unused	DECOY	1579	2	unreachable:authoring-twin
FB6EBB7B	domino\user\dlc\dlc2weapons.graph.debug.lua	unused	DECOY	1585	2	unreachable:authoring-twin
5248E03F	domino\user\dlc\dlc2world.graph.debug.lua	unused	DECOY	1578	2	unreachable:authoring-twin
7A4BDE5C	domino\user\dlc\dlc3weapons.graph.debug.lua	unused	DECOY	1585	2	unreachable:authoring-twin
456084FF	domino\user\dlc\dlc3world.graph.debug.lua	unused	DECOY	1580	2	unreachable:authoring-twin
4B53E92B	domino\user\dlc\dlc4weapons.graph.debug.lua	unused	DECOY	1585	2	unreachable:authoring-twin
20B9BABF	domino\user\dlc\dlc4world.graph.debug.lua	unused	DECOY	1579	2	unreachable:authoring-twin
99DEAC6B	domino\user\fasttravel\fasttravel.fasttravel.debug.lua	unused	DECOY	215492	15	unreachable:authoring-twin
930AAC45	domino\user\fasttravel\fasttravel.fasttravelgym_masterscript.debug.lua	unused	DECOY	1358	2	unreachable:authoring-twin
60BB6439	domino\user\fasttravel\fasttravel.fasttravelgym_masterscript.lua	unknown	-	1025	2	opaque-referrers(domino)
8ABCD0EE	domino\user\gyms\gym_bigten.gym_a1sm01_se01.lua	unused	DECOY	13587	15	unreachable:qa-scaffolding
2F5E487A	domino\user\gyms\gym_buddydemo.main.lua	unused	DECOY	15801	10	unreachable:qa-scaffolding
120D9D77	domino\user\gyms\gym_buddywager_onebuddy.gym_buddywager_onebuddy.debug.lua	unused	DECOY	8601	7	unreachable:authoring-twin
A0F54AC9	domino\user\gyms\gym_buddywager_onebuddy.gym_buddywager_onebuddy.lua	unused	DECOY	4006	7	unreachable:qa-scaffolding
01AE54A2	domino\user\gyms\gym_buddywager_twobuddy.gym_buddywager_twobuddy.debug.lua	unused	DECOY	18066	10	unreachable:authoring-twin
16A11E2B	domino\user\gyms\gym_buddywager_twobuddy.gym_buddywager_twobuddy.lua	unused	DECOY	8099	10	unreachable:qa-scaffolding
346E5CA0	domino\user\gyms\gym_convoymissions.gym_convoymissions_masterscript.debug.lua	unused	DECOY	3710	3	unreachable:authoring-twin
3B9AB8CA	domino\user\gyms\gym_convoymissions.gym_convoymissions_masterscript.lua	unused	DECOY	1935	3	unreachable:qa-scaffolding
98462FFF	domino\user\gyms\gym_domino.briefinganim.lua	unused	DECOY	3459	4	unreachable:qa-scaffolding
61A79044	domino\user\gyms\gym_domino.briefingtest.lua	unused	DECOY	7259	8	unreachable:qa-scaffolding
82F23399	domino\user\gyms\gym_environmenteffects.environmenttest.debug.lua	unused	DECOY	9415	6	unreachable:authoring-twin
36E82235	domino\user\gyms\gym_environmenteffects.environmenttest.lua	unused	DECOY	5831	6	unreachable:qa-scaffolding
6DB538FE	domino\user\gyms\gym_environmenteffects.setenvironmenteffects.debug.lua	unused	DECOY	10375	7	unreachable:authoring-twin
9956E020	domino\user\gyms\gym_environmenteffects.setenvironmenteffects.lua	unused	DECOY	5420	7	unreachable:qa-scaffolding
7A79AAE7	domino\user\gyms\gym_finalwarlordtest.finalwarlordtest.debug.lua	unused	DECOY	24292	8	unreachable:authoring-twin
2FB89B1B	domino\user\gyms\gym_finalwarlordtest.finalwarlordtest.lua	unused	DECOY	13235	8	unreachable:qa-scaffolding
EE064865	domino\user\gyms\gym_grinmissions.grinmission_masterscript.debug.lua	unused	DECOY	3469	4	unreachable:authoring-twin
F82730C3	domino\user\gyms\gym_grinmissions.grinmission_masterscript.lua	unused	DECOY	1992	4	unreachable:qa-scaffolding
34F662A3	domino\user\gyms\gym_hqdoorman.gym_hq_doorman_interaction.debug.lua	unused	DECOY	22534	11	unreachable:authoring-twin
2B38D705	domino\user\gyms\gym_hqdoorman.gym_hq_doorman_interaction.lua	unused	DECOY	12573	11	unreachable:qa-scaffolding
0AC7A0A8	domino\user\gyms\gym_hqdoorman.gym_hq_doorman_main.debug.lua	unused	DECOY	26721	7	unreachable:authoring-twin
0E0109BF	domino\user\gyms\gym_hqdoorman.gym_hq_doorman_main.lua	unused	DECOY	12068	7	unreachable:qa-scaffolding
CA532F1B	domino\user\gyms\gym_hqdoorman.gym_hq_doormancombat.debug.lua	unused	DECOY	8360	7	unreachable:authoring-twin
3547A071	domino\user\gyms\gym_hqdoorman.gym_hq_doormancombat.lua	unused	DECOY	5083	7	unreachable:qa-scaffolding
75902047	domino\user\gyms\gym_psm\gym_psm_testw1.gym_psm_test_w1_masterscript.debug.lua	unused	DECOY	7190	6	unreachable:authoring-twin
DA94CF1F	domino\user\gyms\gym_psm\gym_psm_testw1.gym_psm_test_w1_masterscript.lua	unused	DECOY	3823	6	unreachable:qa-scaffolding
073239E7	domino\user\gyms\gym_psm\gym_psm_testw2.gym_psm_test_w2_masterscript.debug.lua	unused	DECOY	7306	6	unreachable:authoring-twin
5D94E127	domino\user\gyms\gym_psm\gym_psm_testw2.gym_psm_test_w2_masterscript.lua	unused	DECOY	3912	6	unreachable:qa-scaffolding
E7EF359B	domino\user\gyms\gym_qamap.mission_qamap.debug.lua	unused	DECOY	9048	7	unreachable:authoring-twin
ECE304DE	domino\user\gyms\gym_qamap.mission_qamap.lua	unused	DECOY	5385	7	unreachable:qa-scaffolding
787354AB	domino\user\gyms\gym_sample.mission_sample.debug.lua	unused	DECOY	11325	8	unreachable:authoring-twin
306E1261	domino\user\gyms\gym_sample.mission_sample.lua	unused	DECOY	6591	8	unreachable:qa-scaffolding
B4560174	domino\user\gyms\gym_scriptedpawnbriefing.main.debug.lua	unused	DECOY	63992	23	unreachable:authoring-twin
167DE798	domino\user\gyms\gym_scriptedpawnbriefing.main.lua	unused	DECOY	33980	23	unreachable:qa-scaffolding
C5574958	domino\user\gyms\gym_testsubvertbriefing.briefingsubv.lua	unused	DECOY	15613	17	unreachable:qa-scaffolding
DFFAB292	domino\user\gyms\gym_testsubvertbriefing.briefingsubvpawnbrief.lua	unused	DECOY	7719	6	unreachable:qa-scaffolding
65043983	domino\user\gyms\gym_testsubvertbriefing.gym_testsubvertbriefing.lua	unused	DECOY	3228	4	unreachable:qa-scaffolding
ABA64910	domino\user\gyms\scriptertraining.floworder.lua	unused	DECOY	13481	7	unreachable:qa-scaffolding
253FA0D4	domino\user\gyms\scriptertraining.globals.lua	unused	DECOY	525	1	unreachable:qa-scaffolding
97DDA876	domino\user\gyms\scriptertraining.graphboxesanddataanchors.lua	unused	DECOY	9080	12	unreachable:qa-scaffolding
CEFE8AEB	domino\user\gyms\scriptertraining.main.lua	unused	DECOY	8013	11	unreachable:qa-scaffolding
9F4382A3	domino\user\gyms\scriptertraining.playanimwithproximity.lua	unused	DECOY	31329	21	unreachable:qa-scaffolding
2D3E6AA7	domino\user\gyms\shared_scriptertraining.odd_or_even.debug.lua	unused	DECOY	3169	3	unreachable:authoring-twin
71FC8FD1	domino\user\gyms\shared_scriptertraining.odd_or_even.lua	unused	DECOY	2258	3	unreachable:qa-scaffolding
85F910AE	domino\user\gyms\shared_scriptertraining.randomfire.debug.lua	unused	DECOY	5412	5	unreachable:authoring-twin
B361627C	domino\user\gyms\shared_scriptertraining.randomfire.lua	unused	DECOY	3094	5	unreachable:qa-scaffolding
A456FFD3	domino\user\gyms\shared_scriptertraining.string-in.debug.lua	unused	DECOY	3704	4	unreachable:authoring-twin
CB3B1416	domino\user\gyms\shared_scriptertraining.string-in.lua	unused	DECOY	2499	4	unreachable:qa-scaffolding
9151169A	domino\user\gyms\shared_scriptertraining.string-out.debug.lua	unused	DECOY	1639	2	unreachable:authoring-twin
688EFF12	domino\user\gyms\shared_scriptertraining.string-out.lua	unused	DECOY	1211	2	unreachable:qa-scaffolding
76DE8A4A	domino\user\gyms\workspace.world1_hqdoorman.lua	unused	DECOY	52659	21	unreachable:qa-scaffolding
F99080AF	domino\user\master_world1.world1.debug.lua	unused	DECOY	297388	87	unreachable:authoring-twin
F2295178	domino\user\master_world1.world1_disablebu0x.debug.lua	unused	DECOY	11476	4	unreachable:authoring-twin
97334617	domino\user\master_world1.world1_hqdoorman.debug.lua	unused	DECOY	142042	24	unreachable:authoring-twin
88D0F81A	domino\user\master_world1.world1_tutorials.debug.lua	unused	DECOY	49671	15	unreachable:authoring-twin
8AF43BCC	domino\user\master_world2.world2.debug.lua	unused	DECOY	271380	88	unreachable:authoring-twin
EEF3C3D3	domino\user\master_world2.world2_hqdoorman.debug.lua	unused	DECOY	136403	26	unreachable:authoring-twin
8375EB7C	domino\user\openingsequence\openingsequence.taxiride.debug.lua	unused	DECOY	264361	35	unreachable:authoring-twin
4FC3E919	domino\user\partnerspecialmissions\partnerspecialmissions.globals.lua	unknown	-	612	1	opaque-referrers(domino)
CAA4A6A4	domino\user\partnerspecialmissions\partnerspecialmissions.mission_01.debug.lua	unused	DECOY	14423	9	unreachable:authoring-twin
2B41C4A0	domino\user\partnerspecialmissions\partnerspecialmissions.mission_01_02.debug.lua	unused	DECOY	18566	11	unreachable:authoring-twin
EACF1B60	domino\user\partnerspecialmissions\partnerspecialmissions.mission_01_03.debug.lua	unused	DECOY	18564	11	unreachable:authoring-twin
C3F40EE3	domino\user\partnerspecialmissions\partnerspecialmissions.mission_01_04.debug.lua	unused	DECOY	18564	11	unreachable:authoring-twin
7A7DD526	domino\user\partnerspecialmissions\partnerspecialmissions.mission_05.debug.lua	unused	DECOY	14426	9	unreachable:authoring-twin
82343839	domino\user\partnerspecialmissions\partnerspecialmissions.mission_05_06.debug.lua	unused	DECOY	18563	11	unreachable:authoring-twin
43BAE7F9	domino\user\partnerspecialmissions\partnerspecialmissions.mission_05_07.debug.lua	unused	DECOY	18564	11	unreachable:authoring-twin
D042133F	domino\user\partnerspecialmissions\partnerspecialmissions.mission_05_08.debug.lua	unused	DECOY	18561	11	unreachable:authoring-twin
706747E1	domino\user\partnerspecialmissions\partnerspecialmissions.mission_09.debug.lua	unused	DECOY	15326	9	unreachable:authoring-twin
9D1EFD41	domino\user\partnerspecialmissions\partnerspecialmissions.psm_unlocker.debug.lua	unused	DECOY	39508	15	unreachable:authoring-twin
3F4D8C02	domino\user\partnerspecialmissions\partnerspecialmissions.psm_world_1.debug.lua	unused	DECOY	29766	16	unreachable:authoring-twin
A6AFEA03	domino\user\partnerspecialmissions\partnerspecialmissions.psm_world_2.debug.lua	unused	DECOY	33766	18	unreachable:authoring-twin
30A83674	domino\user\randomencounters\master_random_encounters_w1.activatetriggers.debug.lua	unused	DECOY	33888	3	unreachable:authoring-twin
A46618D8	domino\user\randomencounters\master_random_encounters_w1.activatetriggers.lua	unknown	-	11790	3	opaque-referrers(domino)
0BA8B116	domino\user\randomencounters\master_random_encounters_w1.random_encounters.debug.lua	unused	DECOY	174385	14	unreachable:authoring-twin
EB7C0537	domino\user\randomencounters\master_random_encounters_w1.random_encounters.lua	unknown	-	71898	14	opaque-referrers(domino)
81DAE023	domino\user\randomencounters\master_random_encounters_w1.randomupgrade.debug.lua	unused	DECOY	8875	7	unreachable:authoring-twin
0F1DBB57	domino\user\randomencounters\master_random_encounters_w1.randomupgrade.lua	unknown	-	5590	7	opaque-referrers(domino)
AEB1F9B0	domino\user\randomencounters\master_random_encounters_w1.setmapname.debug.lua	unused	DECOY	9912	2	unreachable:authoring-twin
512D4B58	domino\user\randomencounters\master_random_encounters_w1.setmapname.lua	unknown	-	7182	2	opaque-referrers(domino)
2108AD47	domino\user\randomencounters\master_random_encounters_w1.setregionindex.debug.lua	unused	DECOY	20284	3	unreachable:authoring-twin
992215FE	domino\user\randomencounters\master_random_encounters_w1.setregionindex.lua	unknown	-	13327	3	opaque-referrers(domino)
8AB7432C	domino\user\randomencounters\master_random_encounters_w1.setregionname.debug.lua	unused	DECOY	20698	2	unreachable:authoring-twin
E30E68C9	domino\user\randomencounters\master_random_encounters_w1.setregionname.lua	unknown	-	14036	2	opaque-referrers(domino)
AB2DF788	domino\user\randomencounters\master_random_encounters_w1.setzonename.debug.lua	unused	DECOY	10709	2	unreachable:authoring-twin
CD2606CC	domino\user\randomencounters\master_random_encounters_w1.setzonename.lua	unknown	-	7664	2	opaque-referrers(domino)
32763153	domino\user\randomencounters\master_random_encounters_w2.activatetriggers.debug.lua	unused	DECOY	24042	3	unreachable:authoring-twin
9D1EB598	domino\user\randomencounters\master_random_encounters_w2.activatetriggers.lua	unknown	-	8650	3	opaque-referrers(domino)
AEA0DA7A	domino\user\randomencounters\master_random_encounters_w2.random_encounters.debug.lua	unused	DECOY	174378	14	unreachable:authoring-twin
9D993C0A	domino\user\randomencounters\master_random_encounters_w2.random_encounters.lua	unknown	-	71898	14	opaque-referrers(domino)
B4375670	domino\user\randomencounters\master_random_encounters_w2.randomupgrade.debug.lua	unused	DECOY	8875	7	unreachable:authoring-twin
AC4B3DFE	domino\user\randomencounters\master_random_encounters_w2.randomupgrade.lua	unknown	-	5590	7	opaque-referrers(domino)
97C954F0	domino\user\randomencounters\master_random_encounters_w2.setmapname.debug.lua	unused	DECOY	9912	2	unreachable:authoring-twin
78E5FFAA	domino\user\randomencounters\master_random_encounters_w2.setmapname.lua	unknown	-	7182	2	opaque-referrers(domino)
D35F40BF	domino\user\randomencounters\master_random_encounters_w2.setregionindex.debug.lua	unused	DECOY	20284	3	unreachable:authoring-twin
368B5834	domino\user\randomencounters\master_random_encounters_w2.setregionindex.lua	unknown	-	13327	3	opaque-referrers(domino)
BF5AF57F	domino\user\randomencounters\master_random_encounters_w2.setregionname.debug.lua	unused	DECOY	20698	2	unreachable:authoring-twin
4058EE60	domino\user\randomencounters\master_random_encounters_w2.setregionname.lua	unknown	-	14036	2	opaque-referrers(domino)
DDC8CEB5	domino\user\randomencounters\master_random_encounters_w2.setzonename.debug.lua	unused	DECOY	10709	2	unreachable:authoring-twin
9EBC5D48	domino\user\randomencounters\master_random_encounters_w2.setzonename.lua	unknown	-	7664	2	opaque-referrers(domino)
EB803A8A	domino\user\savepoints\savepoints.savehouse_bark_selectificationalizer.debug.lua	unused	DECOY	62880	10	unreachable:authoring-twin
7BC8DD87	domino\user\savepoints\savepoints.savehouse_monitor.debug.lua	unused	DECOY	14030	8	unreachable:authoring-twin
874F9A02	domino\user\savepoints\savepoints.savehouse_specialendbark.debug.lua	unused	DECOY	27678	13	unreachable:authoring-twin
66CA8D38	domino\user\savepoints\savepoints.savepoints.debug.lua	unused	DECOY	213301	27	unreachable:authoring-twin
E358526B	domino\user\sidemissions\assassination_missions.assassination_console.debug.lua	unused	DECOY	10042	2	unreachable:authoring-twin
C516FA15	domino\user\sidemissions\assassination_missions.assassination_missions.debug.lua	unused	DECOY	74262	27	unreachable:authoring-twin
D6FB2685	domino\user\sidemissions\assassination_missions.assassinationcelltowerinteracted.debug.lua	unused	DECOY	59622	10	unreachable:authoring-twin
50C85A0A	domino\user\sidemissions\assassination_missions.disablecelltowers.debug.lua	unused	DECOY	16615	5	unreachable:authoring-twin
41EE1098	domino\user\sidemissions\assassination_missions.main.debug.lua	unused	DECOY	1863	2	unreachable:authoring-twin
F7A43A03	domino\user\sidemissions\assassination_missions.main.lua	unknown	-	1308	2	opaque-referrers(domino)
F3B65553	domino\user\sidemissions\assassination_missions.setassassinationvariables.debug.lua	unused	DECOY	91148	6	unreachable:authoring-twin
48393757	domino\user\sidemissions\assassination_missions.testvariables.debug.lua	unused	DECOY	6703	2	unreachable:authoring-twin
A8587A7C	domino\user\sidemissions\assassination_missions.testvariables.lua	unknown	-	4908	2	opaque-referrers(domino)
6EF83EC9	domino\user\sidemissions\convoymissions.convoy_missions.debug.lua	unused	DECOY	84694	21	unreachable:authoring-twin
8AAC1F4F	domino\user\sidemissions\convoymissions.convoy_pawnbriefing.debug.lua	unused	DECOY	125051	15	unreachable:authoring-twin
08E25C9F	domino\user\sidemissions\convoymissions.popupconvoymission.debug.lua	unused	DECOY	46755	10	unreachable:authoring-twin
DADCB867	domino\user\sidemissions\convoymissions.selectrandommission.debug.lua	unused	DECOY	111758	10	unreachable:authoring-twin
D38E83F6	domino\user\sidemissions\convoymissions.unlockweapons.debug.lua	unused	DECOY	29846	8	unreachable:authoring-twin
50AB34F2	domino\user\sidemissions\convoymissions.weaponshop_tutorial.debug.lua	unused	DECOY	8905	4	unreachable:authoring-twin
A7C73592	domino\user\sidemissions\convoymissions.weaponshop_tutorial.lua	unknown	-	3819	4	opaque-referrers(domino)
F1619D15	domino\user\sidemissions\grin_missions.grin_mainpawnbriefing.debug.lua	unused	DECOY	53998	20	unreachable:authoring-twin
5F53CBBF	domino\user\sidemissions\grin_missions.grin_missions.debug.lua	unused	DECOY	315076	53	unreachable:authoring-twin
54B13B88	domino\user\sidemissions\grin_missions.grin_operativedebriefing.debug.lua	unused	DECOY	21039	11	unreachable:authoring-twin
76FE28B6	domino\user\sidemissions\grin_missions.grin_operativenullbriefing.debug.lua	unused	DECOY	19533	10	unreachable:authoring-twin
EBA63E8C	domino\user\sidemissions\grin_missions.grin_operativepawnbriefing.debug.lua	unused	DECOY	52679	19	unreachable:authoring-twin
59C57BCC	domino\user\sidemissions\grin_missions.grin_refugeegetpills.debug.lua	unused	DECOY	25793	13	unreachable:authoring-twin
2C45FB4C	domino\user\sidemissions\grin_missions.grin_refugees.debug.lua	unused	DECOY	83202	10	unreachable:authoring-twin
1980F665	domino\user\sidemissions\grin_missions.grin_wager.debug.lua	unused	DECOY	6452	5	unreachable:authoring-twin
A596C244	domino\user\sidemissions\grin_missions.selectmission.debug.lua	unused	DECOY	106285	7	unreachable:authoring-twin
7E6AFEF0	domino\user\sidemissions\sidemissions.bsq_assignmission.debug.lua	unused	DECOY	28124	5	unreachable:authoring-twin
746C5B02	domino\user\sidemissions\sidemissions.bsq_assignmission.lua	unknown	-	17909	5	opaque-referrers(domino)
D727F878	domino\user\sidemissions\sidemissions.buddysidequests_w1.debug.lua	unused	DECOY	164047	32	unreachable:authoring-twin
EAA6C8B3	domino\user\sidemissions\sidemissions.buddysidequests_w1.lua	unknown	-	86790	32	opaque-referrers(domino)
4EC59E79	domino\user\sidemissions\sidemissions.buddysidequests_w2.debug.lua	unused	DECOY	85420	26	unreachable:authoring-twin
AD06B263	domino\user\sidemissions\sidemissions.buddysidequests_w2.lua	unknown	-	49692	26	opaque-referrers(domino)
FC44A3B4	domino\user\sidemissions\sidemissions.carvertapes_missions.debug.lua	unused	DECOY	92081	23	unreachable:authoring-twin
EDC61299	domino\user\sidemissions\sidemissions.eric_countmalariapills.debug.lua	unused	DECOY	809	1	unreachable:authoring-twin
E1D04AFE	domino\user\sidemissions\sidemissions.eric_countmalariapills.lua	unknown	-	809	1	opaque-referrers(domino)
BBAFFE59	domino\user\sidemissions\sidemissions.flush_bsq_barkbanks.debug.lua	unused	DECOY	8444	2	unreachable:authoring-twin
81D9E7DB	domino\user\sidemissions\sidemissions.mikesplace_bsqmanager_w1.debug.lua	unused	DECOY	218773	44	unreachable:authoring-twin
183B81DA	domino\user\sidemissions\sidemissions.mikesplace_bsqmanager_w2.debug.lua	unused	DECOY	202523	42	unreachable:authoring-twin
D83A76F3	domino\user\sidemissions\sidemissions.mikesplace_bsqmission_and_pawnbrief_selection.debug.lua	unused	DECOY	153323	26	unreachable:authoring-twin
85FCBD77	domino\user\sidemissions\sidemissions.mikesplace_foreachbuddy_spawned.debug.lua	unused	DECOY	80699	17	unreachable:authoring-twin
7FFE17F9	domino\user\sidemissions\sidemissions.mikesplace_ifbuddy_spawned.debug.lua	unused	DECOY	6359	7	unreachable:authoring-twin
7528CBFC	domino\user\sidemissions\sidemissions.mikesplace_newsecondarybuddy_spawned.debug.lua	unused	DECOY	9841	6	unreachable:authoring-twin
CEB0D444	domino\user\sidemissions\sidemissions.mikesplace_objectivepoint.debug.lua	unused	DECOY	22357	8	unreachable:authoring-twin
2D20758F	domino\user\sidemissions\sidemissions.mikesplace_pawnbriefselection_timer.debug.lua	unused	DECOY	24527	7	unreachable:authoring-twin
355B980C	domino\user\sidemissions\sidemissions.mikesplace_removebuddies_w1.debug.lua	unused	DECOY	64428	8	unreachable:authoring-twin
ACB9FE0D	domino\user\sidemissions\sidemissions.mikesplace_removebuddies_w2.debug.lua	unused	DECOY	55743	8	unreachable:authoring-twin
1C2B7765	domino\user\sidemissions\sidemissions.mikesplace_waitforloadedbuddy.debug.lua	unused	DECOY	20849	12	unreachable:authoring-twin
23072BB2	domino\user\ubidays.benchmarkdemo.debug.lua	unused	DECOY	6829	9	unreachable:authoring-twin
93AC8D21	domino\user\ubidays.benchmarkdemo.lua	unused	DECOY	4005	9	unreachable:trade-show-demo
C5F2D917	domino\user\ubidays.briefing_frank.debug.lua	unused	DECOY	34918	17	unreachable:authoring-twin
43A180CD	domino\user\ubidays.briefing_frank.lua	unused	DECOY	15131	17	unreachable:trade-show-demo
5C0031C4	domino\user\ubidays.briefing_warren.debug.lua	unused	DECOY	18452	8	unreachable:authoring-twin
6CF713FB	domino\user\ubidays.briefing_warren.lua	unused	DECOY	7486	8	unreachable:trade-show-demo
609F54FA	domino\user\ubidays.longdemo.debug.lua	unused	DECOY	108074	37	unreachable:authoring-twin
F0F517AF	domino\user\ubidays.longdemo.lua	unused	DECOY	56975	37	unreachable:trade-show-demo
26A4CA6C	domino\user\ubidays.playdemo.debug.lua	unused	DECOY	103671	36	unreachable:authoring-twin
F50C13BD	domino\user\ubidays.playdemo.lua	unused	DECOY	54771	36	unreachable:trade-show-demo
547854F6	domino\user\ubidays.stagedemo.debug.lua	unused	DECOY	21324	11	unreachable:authoring-twin
1F0A6EA2	domino\user\ubidays.stagedemo.lua	unused	DECOY	10717	11	unreachable:trade-show-demo
3683F873	domino\user\ubidays.techdemo.debug.lua	unused	DECOY	21347	9	unreachable:authoring-twin
32099048	domino\user\ubidays.techdemo.lua	unused	DECOY	10816	9	unreachable:trade-show-demo
9661490D	graphics\_materials\editor\water_default_top.xbm	unused	-	1220	2	unreachable
6ACF7F62	graphics\_materials\editor\water_moss_high_top.xbm	unused	-	1348	4	unreachable
71789E12	graphics\_materials\editor\water_moss_low_fishingvillage_top.xbm	unused	-	1364	4	unreachable
CB50A93E	graphics\_materials\editor\water_moss_low_top.xbm	unused	-	1348	4	unreachable
FA7C78D9	graphics\_materials\editor\water_moss_veryhigh_top.xbm	unused	-	1348	4	unreachable
AB67E4C1	graphics\_materials\editor\water_noreflection_dirty_top.xbm	unused	-	1364	4	unreachable
7514D17A	graphics\_materials\jfcarrier2-m-1711200855837624.xbm	unused	-	1716	6	unreachable
4F31AF7B	graphics\_materials\jfcarrier2-m-1711200856518995.xbm	unused	-	1236	3	unreachable
51763E17	graphics\actors\_textures\c_cm_plaincloth_01.xbt	unused	-	184	0	unreachable
16D644C7	graphics\actors\_textures\c_cm_plaincloth_02.xbt	unused	-	184	0	unreachable
2BB66D77	graphics\actors\_textures\c_cm_plaincloth_03.xbt	unused	-	184	0	unreachable
2FFE07EE	graphics\actors\_textures\c_multi_body_tatoo_01_lv01.xbt	unused	-	43924	1	unreachable
90CFCBFB	graphics\actors\_textures\c_multi_body_tatoo_01_lv01_mip0.xbt	unused	-	131232	0	unreachable
685E7D3E	graphics\actors\_textures\c_multi_body_tatoo_01_lv02.xbt	unused	-	43924	1	unreachable
7BF870F8	graphics\actors\_textures\c_multi_body_tatoo_01_lv02_mip0.xbt	unused	-	131232	0	unreachable
553E548E	graphics\actors\_textures\c_multi_body_tatoo_01_lv03.xbt	unused	-	43924	1	unreachable
943A1BC6	graphics\actors\_textures\c_multi_body_tatoo_01_lv03_mip0.xbt	unused	-	131232	0	unreachable
E71E889E	graphics\actors\_textures\c_multi_body_tatoo_01_lv04.xbt	unused	-	43924	1	unreachable
76E600BF	graphics\actors\_textures\c_multi_body_tatoo_01_lv04_mip0.xbt	unused	-	131232	0	unreachable
C4C9BCED	graphics\actors\_textures\c_multi_body_tatoo_02_lv01.xbt	unused	-	43924	1	unreachable
81B2A182	graphics\actors\_textures\c_multi_body_tatoo_02_lv01_mip0.xbt	unused	-	131232	0	unreachable
8369C63D	graphics\actors\_textures\c_multi_body_tatoo_02_lv02.xbt	unused	-	43924	1	unreachable
6A851A81	graphics\actors\_textures\c_multi_body_tatoo_02_lv02_mip0.xbt	unused	-	131232	0	unreachable
BE09EF8D	graphics\actors\_textures\c_multi_body_tatoo_02_lv03.xbt	unused	-	43924	1	unreachable
854771BF	graphics\actors\_textures\c_multi_body_tatoo_02_lv03_mip0.xbt	unused	-	131232	0	unreachable
0C29339D	graphics\actors\_textures\c_multi_body_tatoo_02_lv04.xbt	unused	-	43924	1	unreachable
679B6AC6	graphics\actors\_textures\c_multi_body_tatoo_02_lv04_mip0.xbt	unused	-	131232	0	unreachable
2B0BD7D3	graphics\actors\_textures\c_multi_body_tatoo_03_lv01.xbt	unused	-	43924	1	unreachable
38497A6A	graphics\actors\_textures\c_multi_body_tatoo_03_lv01_mip0.xbt	unused	-	131232	0	unreachable
6CABAD03	graphics\actors\_textures\c_multi_body_tatoo_03_lv02.xbt	unused	-	43924	1	unreachable
D37EC169	graphics\actors\_textures\c_multi_body_tatoo_03_lv02_mip0.xbt	unused	-	131232	0	unreachable
51CB84B3	graphics\actors\_textures\c_multi_body_tatoo_03_lv03.xbt	unused	-	43924	1	unreachable
3CBCAA57	graphics\actors\_textures\c_multi_body_tatoo_03_lv03_mip0.xbt	unused	-	131232	0	unreachable
E3EB58A3	graphics\actors\_textures\c_multi_body_tatoo_03_lv04.xbt	unused	-	43924	1	unreachable
DE60B12E	graphics\actors\_textures\c_multi_body_tatoo_03_lv04_mip0.xbt	unused	-	131232	0	unreachable
3977CAA3	graphics\actors\_textures\c_small_head_tatoo_beard_goatee.xbt	unused	-	43864	0	unreachable
E571EA03	graphics\actors\_textures\c_small_head_tatoo_beard_halfgoatee.xbt	unused	-	43864	0	unreachable
050B7341	graphics\actors\_textures\c_small_head_tatoo_beard_pinch.xbt	unused	-	43864	0	unreachable
08DD2FF3	graphics\actors\_textures\print_temp01.xbt	unused	-	43864	0	unreachable
C03DA083	graphics\actors\_textures\print_temp04.xbt	unused	-	43864	0	unreachable
B51445F6	graphics\actors\_texturesmulti\c_camored.xbt	unused	-	43864	0	unreachable
87635ACD	graphics\actors\_texturesmulti\c_camoyel.xbt	unused	-	43864	0	unreachable
009A5EF8	graphics\actors\_texturesmulti\c_tatoo_assault_lv1.xbt	unused	-	174992	1	unreachable
94A8B260	graphics\actors\_texturesmulti\c_tatoo_assault_lv1_mip0.xbt	unused	-	524448	0	unreachable
473A2428	graphics\actors\_texturesmulti\c_tatoo_assault_lv2.xbt	unused	-	174992	1	unreachable
7F9F0963	graphics\actors\_texturesmulti\c_tatoo_assault_lv2_mip0.xbt	unused	-	524448	0	unreachable
7A5A0D98	graphics\actors\_texturesmulti\c_tatoo_assault_lv3.xbt	unused	-	174992	1	unreachable
905D625D	graphics\actors\_texturesmulti\c_tatoo_assault_lv3_mip0.xbt	unused	-	524448	0	unreachable
C87AD188	graphics\actors\_texturesmulti\c_tatoo_assault_lv4.xbt	unused	-	174992	1	unreachable
72817924	graphics\actors\_texturesmulti\c_tatoo_assault_lv4_mip0.xbt	unused	-	524448	0	unreachable
9FBA9FCE	graphics\characters\_common\c_cm_camo_03_p.xbt	unused	-	43864	0	unreachable
70C240C6	graphics\characters\_common\c_cm_shirt_print01.xbt	unused	-	43916	1	unreachable
77EF92D5	graphics\characters\_common\c_cm_shirt_print01_mip0.xbt	unused	-	131232	0	unreachable
B822CFB6	graphics\characters\_common\c_cm_shirt_print04.xbt	unused	-	43864	0	unreachable
C2E29CD6	graphics\characters\_common\c_cm_shirt_print06.xbt	unused	-	11096	0	unreachable
FF82B566	graphics\characters\_common\c_cm_shirt_print07.xbt	unused	-	43864	0	unreachable
7DD222B7	graphics\characters\_common\c_cm_shirt_print08.xbt	unused	-	43864	0	unreachable
40B20B07	graphics\characters\_common\c_cm_shirt_print09.xbt	unused	-	43864	0	unreachable
86FEBAD3	graphics\characters\_common\c_cm_shirt_print10.xbt	unused	-	43864	0	unreachable
BB9E9363	graphics\characters\_common\c_cm_shirt_print11.xbt	unused	-	43864	0	unreachable
FC3EE9B3	graphics\characters\_common\c_cm_shirt_print12.xbt	unused	-	43864	0	unreachable
C15EC003	graphics\characters\_common\c_cm_shirt_print13.xbt	unused	-	43864	0	unreachable
737E1C13	graphics\characters\_common\c_cm_shirt_print14.xbt	unused	-	43864	0	unreachable
4E1E35A3	graphics\characters\_common\c_cm_shirt_print15.xbt	unused	-	43864	0	unreachable
09BE4F73	graphics\characters\_common\c_cm_shirt_print16.xbt	unused	-	43864	0	unreachable
34DE66C3	graphics\characters\_common\c_cm_shirt_print17.xbt	unused	-	43864	0	unreachable
B68EF112	graphics\characters\_common\c_cm_shirt_print18.xbt	unused	-	43864	0	unreachable
8BEED8A2	graphics\characters\_common\c_cm_shirt_print19.xbt	unused	-	43864	0	unreachable
006AC87D	graphics\characters\_common\c_cm_shirt_print20.xbt	unused	-	43864	0	unreachable
3D0AE1CD	graphics\characters\_common\c_cm_shirt_print21.xbt	unused	-	43864	0	unreachable
7AAA9B1D	graphics\characters\_common\c_cm_shirt_print22.xbt	unused	-	43864	0	unreachable
47CAB2AD	graphics\characters\_common\c_cm_shirt_print23.xbt	unused	-	43864	0	unreachable
F5EA6EBD	graphics\characters\_common\c_cm_shirt_print24.xbt	unused	-	43864	0	unreachable
C88A470D	graphics\characters\_common\c_cm_shirt_print25.xbt	unused	-	43864	0	unreachable
301A83BC	graphics\characters\_common\c_cm_shirt_print28.xbt	unused	-	43864	0	unreachable
0D7AAA0C	graphics\characters\_common\c_cm_shirt_print29.xbt	unused	-	43864	0	unreachable
CB361BD8	graphics\characters\_common\c_cm_shirt_print30.xbt	unused	-	43864	0	unreachable
F6563268	graphics\characters\_common\c_cm_shirt_print31.xbt	unused	-	43864	0	unreachable
B1F648B8	graphics\characters\_common\c_cm_shirt_print32.xbt	unused	-	43864	0	unreachable
8C966108	graphics\characters\_common\c_cm_shirt_print33.xbt	unused	-	43864	0	unreachable
3EB6BD18	graphics\characters\_common\c_cm_shirt_print34.xbt	unused	-	43864	0	unreachable
03D694A8	graphics\characters\_common\c_cm_shirt_print35.xbt	unused	-	43864	0	unreachable
7916C7C8	graphics\characters\_common\c_cm_shirt_print37.xbt	unused	-	43864	0	unreachable
FB465019	graphics\characters\_common\c_cm_shirt_print38.xbt	unused	-	43916	1	unreachable
1218DF1E	graphics\characters\_common\c_cm_shirt_print38_mip0.xbt	unused	-	131232	0	unreachable
C62679A9	graphics\characters\_common\c_cm_shirt_print39.xbt	unused	-	43864	0	unreachable
200FD175	graphics\characters\_common\c_cm_shirt_print51.xbt	unused	-	43864	0	unreachable
D58F77B5	graphics\characters\_common\c_cm_shirt_print55.xbt	unused	-	2904	0	unreachable
922F0D65	graphics\characters\_common\c_cm_shirt_print56.xbt	unused	-	11096	0	unreachable
733C89F9	graphics\characters\_common\c_cm_sportvestapr.xbt	unused	-	43916	1	unreachable
CBAC1117	graphics\characters\_common\c_cm_sportvestapr_mip0.xbt	unused	-	131232	0	unreachable
45271171	graphics\characters\_common\c_cm_sportvestufll.xbt	unused	-	43916	1	unreachable
ABA1FEEB	graphics\characters\_common\c_cm_sportvestufll_mip0.xbt	unused	-	131232	0	unreachable
59C8AE8F	graphics\characters\_common\frankensteinposes\3rdge_fulb_bulletreactionstand01_nodir_nowep_i1.apm	unknown	-	280	0	opaque-referrers(apm)
F661E345	graphics\characters\_common\frankensteinposes\3rdge_fulb_bulletreactionstand02_nodir_nowep_i1.apm	unknown	-	280	0	opaque-referrers(apm)
9306D803	graphics\characters\_common\frankensteinposes\3rdge_fulb_bulletreactionstand03_nodir_nowep_i1.apm	unknown	-	280	0	opaque-referrers(apm)
355CAD7D	graphics\characters\_common\frankensteinposes\3rdge_fulb_bump_+045rt_nowep_i0.apm	unknown	-	280	0	opaque-referrers(apm)
6A9AF8C9	graphics\characters\_common\frankensteinposes\3rdge_fulb_chestdownspd4_+000fw_prak4_i1.apm	unknown	-	280	0	opaque-referrers(apm)
8E5EF9B4	graphics\characters\_common\frankensteinposes\3rdge_fulb_chestdownspd6_+000fw_prak4_i1.apm	unknown	-	280	0	opaque-referrers(apm)
5FF7DC1D	graphics\characters\_common\frankensteinposes\3rdge_fulb_crironwlk_+000fw_prak4_i1.apm	unknown	-	280	0	opaque-referrers(apm)
8C3E8737	graphics\characters\_common\frankensteinposes\3rdge_fulb_crironwlk_+090rt_prak4_i1.apm	unknown	-	280	0	opaque-referrers(apm)
B8F30B1E	graphics\characters\_common\frankensteinposes\3rdge_fulb_crironwlk_-090lt_prak4_i1.apm	unknown	-	280	0	opaque-referrers(apm)
41154B12	graphics\characters\_common\frankensteinposes\3rdge_fulb_crironwlk_-180bw_prak4_i1.apm	unknown	-	280	0	opaque-referrers(apm)
062CA8D2	graphics\characters\_common\frankensteinposes\3rdge_fulb_crouchonspot_+000fw_prak4_i1.apm	unknown	-	280	0	opaque-referrers(apm)
FA88EFC1	graphics\characters\_common\frankensteinposes\3rdge_fulb_crouchonspotiron_+000fw_prak4_i1.apm	unknown	-	280	0	opaque-referrers(apm)
FFDE11EC	graphics\characters\_common\frankensteinposes\3rdge_fulb_crouchonspotiron_+000fw_prak4_i1_v2.apm	unknown	-	280	0	opaque-referrers(apm)
C2BE385C	graphics\characters\_common\frankensteinposes\3rdge_fulb_crouchonspotiron_+000fw_prak4_i1_v3.apm	unknown	-	280	0	opaque-referrers(apm)
709EE44C	graphics\characters\_common\frankensteinposes\3rdge_fulb_crouchonspotiron_+000fw_prak4_i1_v4.apm	unknown	-	280	0	opaque-referrers(apm)
4DFECDFC	graphics\characters\_common\frankensteinposes\3rdge_fulb_crouchonspotiron_+000fw_prak4_i1_v5.apm	unknown	-	280	0	opaque-referrers(apm)
C01745AA	graphics\characters\_common\frankensteinposes\3rdge_fulb_crregrun_+000fw_prak4_i1.apm	unknown	-	280	0	opaque-referrers(apm)
13DE1E80	graphics\characters\_common\frankensteinposes\3rdge_fulb_crregrun_+090rt_prak4_i1.apm	unknown	-	280	0	opaque-referrers(apm)
271392A9	graphics\characters\_common\frankensteinposes\3rdge_fulb_crregrun_-090lt_prak4_i1.apm	unknown	-	280	0	opaque-referrers(apm)
DEF5D2A5	graphics\characters\_common\frankensteinposes\3rdge_fulb_crregrun_-180bw_prak4_i1.apm	unknown	-	280	0	opaque-referrers(apm)
D1878149	graphics\characters\_common\frankensteinposes\3rdge_fulb_crregwlk_+000fw_prak4_i1.apm	unknown	-	280	0	opaque-referrers(apm)
024EDA63	graphics\characters\_common\frankensteinposes\3rdge_fulb_crregwlk_+090rt_prak4_i1.apm	unknown	-	280	0	opaque-referrers(apm)
3683564A	graphics\characters\_common\frankensteinposes\3rdge_fulb_crregwlk_-090lt_prak4_i1.apm	unknown	-	280	0	opaque-referrers(apm)
CF651646	graphics\characters\_common\frankensteinposes\3rdge_fulb_crregwlk_-180bw_prak4_i1.apm	unknown	-	280	0	opaque-referrers(apm)
E36886AE	graphics\characters\_common\frankensteinposes\3rdge_fulb_headdownspd4_+000fw_prak4_i1.apm	unknown	-	280	0	opaque-referrers(apm)
2F56412B	graphics\characters\_common\frankensteinposes\3rdge_fulb_jumpbegin_+000fw_nowep_i0.apm	unknown	-	280	0	opaque-referrers(apm)
5B1BD1A2	graphics\characters\_common\frankensteinposes\3rdge_fulb_jumpfall_+180bw_nowep_i0.apm	unknown	-	280	0	opaque-referrers(apm)
D8B17DF9	graphics\characters\_common\frankensteinposes\3rdge_fulb_jumpland_+000fw_nowep_i0.apm	unknown	-	280	0	opaque-referrers(apm)
B1E17F65	graphics\characters\_common\frankensteinposes\3rdge_fulb_jumplandimpact_+000fw_nowep_i0.apm	unknown	-	280	0	opaque-referrers(apm)
29AAE57D	graphics\characters\_common\frankensteinposes\3rdge_fulb_leghurt_+90rt_nowep_i1.apm	unknown	-	280	0	opaque-referrers(apm)
8EC7DEC2	graphics\characters\_common\frankensteinposes\3rdge_fulb_leghurt_-90lt_nowep_i1.apm	unknown	-	280	0	opaque-referrers(apm)
DB1A1EA6	graphics\characters\_common\frankensteinposes\3rdge_fulb_lowerhips_+000fw_nowep_i1.apm	unknown	-	280	0	opaque-referrers(apm)
7C0C6086	graphics\characters\_common\frankensteinposes\3rdge_fulb_ml12helpertooclose_+000fw_nowep_i1.apm	unknown	-	280	0	opaque-referrers(apm)
3CE7DF32	graphics\characters\_common\frankensteinposes\3rdge_fulb_mountedhurt_+000fw_nowep_i1.apm	unknown	-	280	0	opaque-referrers(apm)
D649691E	graphics\characters\_common\frankensteinposes\3rdge_fulb_shoulderhurt_+90rt_nowep_i1.apm	unknown	-	280	0	opaque-referrers(apm)
712452A1	graphics\characters\_common\frankensteinposes\3rdge_fulb_shoulderhurt_-90lt_nowep_i1.apm	unknown	-	280	0	opaque-referrers(apm)
25F9379C	graphics\characters\_common\frankensteinposes\3rdge_fulb_standhurt_+000fw_nowep_i1.apm	unknown	-	280	0	opaque-referrers(apm)
A6C7AB80	graphics\characters\_common\frankensteinposes\3rdge_fulb_standhurt_+180bw_nowep_i1.apm	unknown	-	280	0	opaque-referrers(apm)
9825B8AC	graphics\characters\_common\frankensteinposes\3rdge_fulb_standhurt_+90rt_nowep_i1.apm	unknown	-	280	0	opaque-referrers(apm)
3F488313	graphics\characters\_common\frankensteinposes\3rdge_fulb_standhurt_-90lt_nowep_i1.apm	unknown	-	280	0	opaque-referrers(apm)
CA14FF17	graphics\characters\_common\frankensteinposes\3rdge_fulb_stdidleangry_+000fw_nowep_i0.apm	unknown	-	280	0	opaque-referrers(apm)
F774D6A7	graphics\characters\_common\frankensteinposes\3rdge_fulb_stdidleangry_+000fw_nowep_i1.apm	unknown	-	280	0	opaque-referrers(apm)
E27BE755	graphics\characters\_common\frankensteinposes\3rdge_fulb_stdidlescared_+000fw_nowep_i1.apm	unknown	-	280	0	opaque-referrers(apm)
A5DB9D85	graphics\characters\_common\frankensteinposes\3rdge_fulb_stdidlescared_+000fw_nowep_i2.apm	unknown	-	280	0	opaque-referrers(apm)
CB65A9C9	graphics\characters\_common\frankensteinposes\3rdge_fulb_tiltback_+000fw_nowep_i1.apm	unknown	-	280	0	opaque-referrers(apm)
A500D546	graphics\characters\_common\frankensteinposes\3rdge_fulb_tiltfront_+000fw_nowep_i1.apm	unknown	-	280	0	opaque-referrers(apm)
E5710CB6	graphics\characters\_common\frankensteinposes\3rdge_fulb_tiltleft_+000fw_nowep_i1.apm	unknown	-	280	0	opaque-referrers(apm)
819A4BDE	graphics\characters\_common\frankensteinposes\3rdge_fulb_tiltright_+000fw_nowep_i1.apm	unknown	-	280	0	opaque-referrers(apm)
7553033F	graphics\characters\_common\frankensteinposes\3rdge_fulb_vehiclehurt_+000fw_nowep_i1.apm	unknown	-	280	0	opaque-referrers(apm)
6FF543AC	graphics\characters\_common\frankensteinposes\3rdge_fulb_wlkend_+000fw_prak4_i1.apm	unknown	-	280	0	opaque-referrers(apm)
BD4E840C	graphics\characters\_common\frankensteinposes\3rdge_fulb_wlkendcrouchspd1_+000fw_prak4_i1.apm	unknown	-	280	0	opaque-referrers(apm)
6973964E	graphics\characters\_common\frankensteinposes\3rdge_fulb_wlkstart_+000fw_prak4_i1.apm	unknown	-	280	0	opaque-referrers(apm)
264DE451	graphics\characters\_common\frankensteinposes\3rdge_fulb_wlkstartcrouchspd1_+000fw_prak4_i1.apm	unknown	-	280	0	opaque-referrers(apm)
1414644C	graphics\characters\_common\frankensteinposes\3rdge_fulb_wlkstartmulti_+000fw_prak4_i1.apm	unknown	-	280	0	opaque-referrers(apm)
C7DD3F66	graphics\characters\_common\frankensteinposes\3rdge_fulb_wlkstartmulti_+090rt_prak4_i1.apm	unknown	-	280	0	opaque-referrers(apm)
F310B34F	graphics\characters\_common\frankensteinposes\3rdge_fulb_wlkstartmulti_-090lt_prak4_i1.apm	unknown	-	280	0	opaque-referrers(apm)
0AF6F343	graphics\characters\_common\frankensteinposes\3rdge_fulb_wlkstartmulti_-180bw_prak4_i1.apm	unknown	-	280	0	opaque-referrers(apm)
2CF93B79	graphics\characters\_common\frankensteinposes\3rdge_fulb_wlkstartmultipre_+090rt_prak4_i1.apm	unknown	-	280	0	opaque-referrers(apm)
1834B750	graphics\characters\_common\frankensteinposes\3rdge_fulb_wlkstartmultipre_-090lt_prak4_i1.apm	unknown	-	280	0	opaque-referrers(apm)
0F1F7E6F	graphics\characters\_common\frankensteinposes\3rdge_uppb_leanforward_+000fw_nowep_i1.apm	unknown	-	280	0	opaque-referrers(apm)
EDA29096	graphics\characters\_common\frankensteinposes\accable.apm	unknown	-	280	0	opaque-referrers(apm)
24358577	graphics\characters\_common\frankensteinposes\arogant.apm	unknown	-	280	0	opaque-referrers(apm)
9C13177B	graphics\characters\_common\frankensteinposes\baveux.apm	unknown	-	280	0	opaque-referrers(apm)
3A3A8A99	graphics\characters\_common\frankensteinposes\bedonnant.apm	unknown	-	280	0	opaque-referrers(apm)
6B2F5211	graphics\characters\_common\frankensteinposes\concentre.apm	unknown	-	280	0	opaque-referrers(apm)
6F4AF883	graphics\characters\_common\frankensteinposes\cromagnon.apm	unknown	-	280	0	opaque-referrers(apm)
119055EB	graphics\characters\_common\frankensteinposes\neutre.apm	unknown	-	280	0	opaque-referrers(apm)
E2307FCB	graphics\characters\_common\frankensteinposes\pensif.apm	unknown	-	280	0	opaque-referrers(apm)
ACE1DF3E	graphics\characters\_common\frankensteinposes\reveur.apm	unknown	-	280	0	opaque-referrers(apm)
44017116	graphics\characters\_common\frankensteinposes\scoliose.apm	unknown	-	280	0	opaque-referrers(apm)
42A08B40	graphics\gfx\environment\gfx_bats_front.xbt	unused	-	87600	0	unreachable
2FBF71C0	graphics\gfx\environment\gfx_birds_01.xbt	unused	-	43952	0	unreachable
76C74058	graphics\gfx\environment\gfx_etamine.xbt	unused	-	1552	0	unreachable
23B78EE4	graphics\gfx\environment\gfx_fly.xbt	unused	-	2928	0	unreachable
3EE5FEA3	graphics\gfx\environment\gfx_leaves_co.xbt	unused	-	11120	0	unreachable
97AEF095	graphics\gfx\environment\gfx_lucioles.xbt	unused	-	856	0	unreachable
3DC13640	graphics\gfx\smokes\gfx_thin_smokes_co4.xbt	unused	-	43936	1	unreachable
408CA7B6	graphics\gfx\smokes\gfx_thin_smokes_co4_mip0.xbt	unused	-	131232	0	unreachable
B9CBDD7A	graphics\move\dlc1named.bin	unused	DECOY	878300	0	unreachable:authoring-twin
A41CED46	graphics\move\movemgrnamed.bin	unused	DECOY	3600120	0	unreachable:authoring-twin
404AC372	graphics\postfx\infamy.xbt	unused	-	131232	0	unreachable
86131EEF	graphics\postfx\ironsight.xbt	unused	-	22024	0	unreachable
BD78861A	graphics\postfx\malariamask.xbt	unused	-	262304	0	unreachable
B4F51C82	graphics\postfx\malarianoise.xbt	unused	-	32928	0	unreachable
944E2478	graphics\postfx\menus.xbt	unused	-	22024	0	unreachable
C05DBBC4	graphics\postfx\noise.xbt	unused	-	43864	0	unreachable
6ECBC356	graphics\postfx\sniperscope.xbt	unused	-	22024	0	unreachable
DD71E445	graphics\postfx\tunnel.xbt	unused	-	131232	0	unreachable
C7A5987B	graphics\postfx\tunnel_alpha.xbt	unused	-	262304	0	unreachable
644146C7	graphics\terrain\water\diffusedirt.xbt	unused	-	43864	0	unreachable
15F298C1	graphics\terrain\water\diffusedirt_dirty.xbt	unused	-	43912	1	unreachable
1ACEA5C1	graphics\terrain\water\diffusedirt_dirty_mip0.xbt	unused	-	131232	0	unreachable
610DC07D	graphics\terrain\water\diffusemask.xbt	unused	-	87568	0	unreachable
B3C8371B	graphics\terrain\water\diffusemask02.xbt	unused	-	87568	0	unreachable
8EA81EAB	graphics\terrain\water\diffusemask03.xbt	unused	-	87568	0	unreachable
470CC88E	graphics\terrain\water\diffusemask_dirty.xbt	unused	-	87568	0	unreachable
C49E398A	graphics\vehicles\air\veh_glider\intel_d.xbt	unused	-	349760	1	unreachable
19D474E3	graphics\vehicles\air\veh_glider\intel_d_mip0.xbt	unused	DECOY	1048736	0	unreachable
7E025D2F	graphics\vehicles\air\veh_glider\veh_glider_intel.hkx	unknown	-	4768	0	opaque-referrers(hkx)
D44A3DB3	languages\czech\oasisstrings.xml	unused	DECOY	1170913	0	unreachable:rml-source
A8AAB0A3	languages\english\oasisstrings.xml	unused	DECOY	1132339	0	unreachable:rml-source
3E571991	languages\french\oasisstrings.xml	unused	DECOY	1195526	0	unreachable:rml-source
9E68E44E	languages\german\oasisstrings.xml	unused	DECOY	1156336	0	unreachable:rml-source
11010AB3	languages\hungarian\oasisstrings.xml	unused	DECOY	1175219	0	unreachable:rml-source
E487DF3F	languages\italian\oasisstrings.xml	unused	DECOY	1113859	0	unreachable:rml-source
DE056D2F	languages\japanese\oasisstrings.xml	unused	DECOY	1244038	0	unreachable:rml-source
C1FC6157	languages\polish\oasisstrings.xml	unused	DECOY	1146472	0	unreachable:rml-source
0ADAC143	languages\russian\oasisstrings.xml	unused	DECOY	1479505	0	unreachable:rml-source
1DC87123	languages\spanish\oasisstrings.xml	unused	DECOY	1115495	0	unreachable:rml-source
76392364	levels\tmpla\generated\moviedata.xml	unused	-	57	0	dev-leftover(-benchmark)
EC2EBFB8	levels\tmpla\generated\sdat\atlas0_color.xbt	unused	-	11096	0	dev-leftover(-benchmark)
ADE35478	levels\tmpla\generated\sdat\atlas0_diffuse.xbt	unused	-	11096	0	dev-leftover(-benchmark)
AD813CE0	levels\tmpla\generated\sdat\atlas0_mask.xbt	unused	-	11096	0	dev-leftover(-benchmark)
7A78D727	levels\tmpla\generated\sdat\atlas16_color.xbt	unused	-	11096	0	dev-leftover(-benchmark)
1853BD91	levels\tmpla\generated\sdat\atlas16_diffuse.xbt	unused	-	11096	0	dev-leftover(-benchmark)
F2412DAA	levels\tmpla\generated\sdat\atlas16_mask.xbt	unused	-	11096	0	dev-leftover(-benchmark)
280EFC21	levels\tmpla\generated\sdat\atlas18_color.xbt	unused	-	11096	0	dev-leftover(-benchmark)
E2B5B121	levels\tmpla\generated\sdat\atlas18_diffuse.xbt	unused	-	11096	0	dev-leftover(-benchmark)
EC881D19	levels\tmpla\generated\sdat\atlas18_mask.xbt	unused	-	11096	0	dev-leftover(-benchmark)
E553CF94	levels\tmpla\generated\sdat\atlas20_color.xbt	unused	-	11096	0	dev-leftover(-benchmark)
C4D74797	levels\tmpla\generated\sdat\atlas20_diffuse.xbt	unused	-	11096	0	dev-leftover(-benchmark)
66BD3BEC	levels\tmpla\generated\sdat\atlas20_mask.xbt	unused	-	11096	0	dev-leftover(-benchmark)
BD3F7655	levels\tmpla\generated\sdat\atlas22_color.xbt	unused	-	11096	0	dev-leftover(-benchmark)
A48BF2DC	levels\tmpla\generated\sdat\atlas22_diffuse.xbt	unused	-	11096	0	dev-leftover(-benchmark)
6248EBD1	levels\tmpla\generated\sdat\atlas22_mask.xbt	unused	-	11096	0	dev-leftover(-benchmark)
B4420679	levels\tmpla\generated\sdat\atlas2_color.xbt	unused	-	11096	0	dev-leftover(-benchmark)
CDBFE133	levels\tmpla\generated\sdat\atlas2_diffuse.xbt	unused	-	11096	0	dev-leftover(-benchmark)
A974ECDD	levels\tmpla\generated\sdat\atlas2_mask.xbt	unused	-	11096	0	dev-leftover(-benchmark)
269A3A3A	levels\tmpla\generated\sdat\atlas32_color.xbt	unused	-	11096	0	dev-leftover(-benchmark)
398413AA	levels\tmpla\generated\sdat\atlas32_diffuse.xbt	unused	-	11096	0	dev-leftover(-benchmark)
A3C63411	levels\tmpla\generated\sdat\atlas32_mask.xbt	unused	-	11096	0	dev-leftover(-benchmark)
CE2FF079	levels\tmpla\generated\sdat\atlas34_color.xbt	unused	-	11096	0	dev-leftover(-benchmark)
9961CC77	levels\tmpla\generated\sdat\atlas34_diffuse.xbt	unused	-	11096	0	dev-leftover(-benchmark)
AED84456	levels\tmpla\generated\sdat\atlas34_mask.xbt	unused	-	11096	0	dev-leftover(-benchmark)
964349B8	levels\tmpla\generated\sdat\atlas36_color.xbt	unused	-	11096	0	dev-leftover(-benchmark)
F93D793C	levels\tmpla\generated\sdat\atlas36_diffuse.xbt	unused	-	11096	0	dev-leftover(-benchmark)
AA2D946B	levels\tmpla\generated\sdat\atlas36_mask.xbt	unused	-	11096	0	dev-leftover(-benchmark)
C43562BE	levels\tmpla\generated\sdat\atlas38_color.xbt	unused	-	11096	0	dev-leftover(-benchmark)
03DB758C	levels\tmpla\generated\sdat\atlas38_diffuse.xbt	unused	-	11096	0	dev-leftover(-benchmark)
B4E4A4D8	levels\tmpla\generated\sdat\atlas38_mask.xbt	unused	-	11096	0	dev-leftover(-benchmark)
B0AD8B31	levels\tmpla\generated\sdat\atlas48_color.xbt	unused	-	11096	0	dev-leftover(-benchmark)
6616DF4C	levels\tmpla\generated\sdat\atlas48_diffuse.xbt	unused	-	11096	0	dev-leftover(-benchmark)
9DDFB15B	levels\tmpla\generated\sdat\atlas48_mask.xbt	unused	-	11096	0	dev-leftover(-benchmark)
5CF7CC3A	levels\tmpla\generated\sdat\atlas4_color.xbt	unused	-	11096	0	dev-leftover(-benchmark)
6D5A3EEE	levels\tmpla\generated\sdat\atlas4_diffuse.xbt	unused	-	11096	0	dev-leftover(-benchmark)
A46A9C9A	levels\tmpla\generated\sdat\atlas4_mask.xbt	unused	-	11096	0	dev-leftover(-benchmark)
91CB261B	levels\tmpla\generated\sdat\atlas50_color.xbt	unused	-	11096	0	dev-leftover(-benchmark)
A11AED57	levels\tmpla\generated\sdat\atlas50_diffuse.xbt	unused	-	11096	0	dev-leftover(-benchmark)
4F862E6F	levels\tmpla\generated\sdat\atlas50_mask.xbt	unused	-	11096	0	dev-leftover(-benchmark)
C9A79FDA	levels\tmpla\generated\sdat\atlas52_color.xbt	unused	-	11096	0	dev-leftover(-benchmark)
C146581C	levels\tmpla\generated\sdat\atlas52_diffuse.xbt	unused	-	11096	0	dev-leftover(-benchmark)
4B73FE52	levels\tmpla\generated\sdat\atlas52_mask.xbt	unused	-	11096	0	dev-leftover(-benchmark)
21125599	levels\tmpla\generated\sdat\atlas54_color.xbt	unused	-	11096	0	dev-leftover(-benchmark)
61A387C1	levels\tmpla\generated\sdat\atlas54_diffuse.xbt	unused	-	11096	0	dev-leftover(-benchmark)
466D8E15	levels\tmpla\generated\sdat\atlas54_mask.xbt	unused	-	11096	0	dev-leftover(-benchmark)
049B75FB	levels\tmpla\generated\sdat\atlas6_color.xbt	unused	-	11096	0	dev-leftover(-benchmark)
0D068BA5	levels\tmpla\generated\sdat\atlas6_diffuse.xbt	unused	-	11096	0	dev-leftover(-benchmark)
A09F4CA7	levels\tmpla\generated\sdat\atlas6_mask.xbt	unused	-	11096	0	dev-leftover(-benchmark)
67EB4ADF	levels\tmpla\generated\sdat\sd0.sdat	unused	-	23536	0	dev-leftover(-benchmark)
1AB56A71	levels\tmpla\generated\sdat\sd0_shadow.xbt	unused	-	22004	0	dev-leftover(-benchmark)
ACB7997A	levels\tmpla\generated\sdat\sd1.sdat	unused	-	23536	0	dev-leftover(-benchmark)
30F9565B	levels\tmpla\generated\sdat\sd10.sdat	unused	-	23536	0	dev-leftover(-benchmark)
A967E11D	levels\tmpla\generated\sdat\sd10_shadow.xbt	unused	-	22004	0	dev-leftover(-benchmark)
FBA585FE	levels\tmpla\generated\sdat\sd11.sdat	unused	-	23536	0	dev-leftover(-benchmark)
32C2AD72	levels\tmpla\generated\sdat\sd11_shadow.xbt	unused	-	22004	0	dev-leftover(-benchmark)
7D31F750	levels\tmpla\generated\sdat\sd12.sdat	unused	-	23536	0	dev-leftover(-benchmark)
455C7F82	levels\tmpla\generated\sdat\sd12_shadow.xbt	unused	-	22004	0	dev-leftover(-benchmark)
B66D24F5	levels\tmpla\generated\sdat\sd13.sdat	unused	-	23536	0	dev-leftover(-benchmark)
DEF933ED	levels\tmpla\generated\sdat\sd13_shadow.xbt	unused	-	22004	0	dev-leftover(-benchmark)
AB68144D	levels\tmpla\generated\sdat\sd14.sdat	unused	-	23536	0	dev-leftover(-benchmark)
AA61DA62	levels\tmpla\generated\sdat\sd14_shadow.xbt	unused	-	22004	0	dev-leftover(-benchmark)
6034C7E8	levels\tmpla\generated\sdat\sd15.sdat	unused	-	23536	0	dev-leftover(-benchmark)
31C4960D	levels\tmpla\generated\sdat\sd15_shadow.xbt	unused	-	22004	0	dev-leftover(-benchmark)
E6A0B546	levels\tmpla\generated\sdat\sd16.sdat	unused	-	23536	0	dev-leftover(-benchmark)
465A44FD	levels\tmpla\generated\sdat\sd16_shadow.xbt	unused	-	22004	0	dev-leftover(-benchmark)
2DFC66E3	levels\tmpla\generated\sdat\sd17.sdat	unused	-	23536	0	dev-leftover(-benchmark)
DDFF0892	levels\tmpla\generated\sdat\sd17_shadow.xbt	unused	-	22004	0	dev-leftover(-benchmark)
DCAAD436	levels\tmpla\generated\sdat\sd18.sdat	unused	-	23536	0	dev-leftover(-benchmark)
AF6B97E3	levels\tmpla\generated\sdat\sd18_shadow.xbt	unused	-	22004	0	dev-leftover(-benchmark)
17F60793	levels\tmpla\generated\sdat\sd19.sdat	unused	-	23536	0	dev-leftover(-benchmark)
34CEDB8C	levels\tmpla\generated\sdat\sd19_shadow.xbt	unused	-	22004	0	dev-leftover(-benchmark)
8110261E	levels\tmpla\generated\sdat\sd1_shadow.xbt	unused	-	22004	0	dev-leftover(-benchmark)
2A23EBD4	levels\tmpla\generated\sdat\sd2.sdat	unused	-	23536	0	dev-leftover(-benchmark)
01114CC6	levels\tmpla\generated\sdat\sd20.sdat	unused	-	23536	0	dev-leftover(-benchmark)
14AD8DD3	levels\tmpla\generated\sdat\sd20_shadow.xbt	unused	-	22004	0	dev-leftover(-benchmark)
CA4D9F63	levels\tmpla\generated\sdat\sd21.sdat	unused	-	23536	0	dev-leftover(-benchmark)
8F08C1BC	levels\tmpla\generated\sdat\sd21_shadow.xbt	unused	-	22004	0	dev-leftover(-benchmark)
4CD9EDCD	levels\tmpla\generated\sdat\sd22.sdat	unused	-	23536	0	dev-leftover(-benchmark)
F896134C	levels\tmpla\generated\sdat\sd22_shadow.xbt	unused	-	22004	0	dev-leftover(-benchmark)
87853E68	levels\tmpla\generated\sdat\sd23.sdat	unused	-	23536	0	dev-leftover(-benchmark)
63335F23	levels\tmpla\generated\sdat\sd23_shadow.xbt	unused	-	22004	0	dev-leftover(-benchmark)
9A800ED0	levels\tmpla\generated\sdat\sd24.sdat	unused	-	23536	0	dev-leftover(-benchmark)
17ABB6AC	levels\tmpla\generated\sdat\sd24_shadow.xbt	unused	-	22004	0	dev-leftover(-benchmark)
51DCDD75	levels\tmpla\generated\sdat\sd25.sdat	unused	-	23536	0	dev-leftover(-benchmark)
8C0EFAC3	levels\tmpla\generated\sdat\sd25_shadow.xbt	unused	-	22004	0	dev-leftover(-benchmark)
D748AFDB	levels\tmpla\generated\sdat\sd26.sdat	unused	-	23536	0	dev-leftover(-benchmark)
FB902833	levels\tmpla\generated\sdat\sd26_shadow.xbt	unused	-	22004	0	dev-leftover(-benchmark)
1C147C7E	levels\tmpla\generated\sdat\sd27.sdat	unused	-	23536	0	dev-leftover(-benchmark)
6035645C	levels\tmpla\generated\sdat\sd27_shadow.xbt	unused	-	22004	0	dev-leftover(-benchmark)
ED42CEAB	levels\tmpla\generated\sdat\sd28.sdat	unused	-	23536	0	dev-leftover(-benchmark)
12A1FB2D	levels\tmpla\generated\sdat\sd28_shadow.xbt	unused	-	22004	0	dev-leftover(-benchmark)
261E1D0E	levels\tmpla\generated\sdat\sd29.sdat	unused	-	23536	0	dev-leftover(-benchmark)
8904B742	levels\tmpla\generated\sdat\sd29_shadow.xbt	unused	-	22004	0	dev-leftover(-benchmark)
F68EF4EE	levels\tmpla\generated\sdat\sd2_shadow.xbt	unused	-	22004	0	dev-leftover(-benchmark)
E17F3871	levels\tmpla\generated\sdat\sd3.sdat	unused	-	23536	0	dev-leftover(-benchmark)
A7664772	levels\tmpla\generated\sdat\sd30.sdat	unused	-	23536	0	dev-leftover(-benchmark)
C93B5456	levels\tmpla\generated\sdat\sd30_shadow.xbt	unused	-	22004	0	dev-leftover(-benchmark)
6C3A94D7	levels\tmpla\generated\sdat\sd31.sdat	unused	-	23536	0	dev-leftover(-benchmark)
529E1839	levels\tmpla\generated\sdat\sd31_shadow.xbt	unused	-	22004	0	dev-leftover(-benchmark)
EAAEE679	levels\tmpla\generated\sdat\sd32.sdat	unused	-	23536	0	dev-leftover(-benchmark)
2500CAC9	levels\tmpla\generated\sdat\sd32_shadow.xbt	unused	-	22004	0	dev-leftover(-benchmark)
21F235DC	levels\tmpla\generated\sdat\sd33.sdat	unused	-	23536	0	dev-leftover(-benchmark)
BEA586A6	levels\tmpla\generated\sdat\sd33_shadow.xbt	unused	-	22004	0	dev-leftover(-benchmark)
3CF70564	levels\tmpla\generated\sdat\sd34.sdat	unused	-	23536	0	dev-leftover(-benchmark)
CA3D6F29	levels\tmpla\generated\sdat\sd34_shadow.xbt	unused	-	22004	0	dev-leftover(-benchmark)
F7ABD6C1	levels\tmpla\generated\sdat\sd35.sdat	unused	-	23536	0	dev-leftover(-benchmark)
51982346	levels\tmpla\generated\sdat\sd35_shadow.xbt	unused	-	22004	0	dev-leftover(-benchmark)
713FA46F	levels\tmpla\generated\sdat\sd36.sdat	unused	-	23536	0	dev-leftover(-benchmark)
2606F1B6	levels\tmpla\generated\sdat\sd36_shadow.xbt	unused	-	22004	0	dev-leftover(-benchmark)
BA6377CA	levels\tmpla\generated\sdat\sd37.sdat	unused	-	23536	0	dev-leftover(-benchmark)
BDA3BDD9	levels\tmpla\generated\sdat\sd37_shadow.xbt	unused	-	22004	0	dev-leftover(-benchmark)
4B35C51F	levels\tmpla\generated\sdat\sd38.sdat	unused	-	23536	0	dev-leftover(-benchmark)
CF3722A8	levels\tmpla\generated\sdat\sd38_shadow.xbt	unused	-	22004	0	dev-leftover(-benchmark)
806916BA	levels\tmpla\generated\sdat\sd39.sdat	unused	-	23536	0	dev-leftover(-benchmark)
54926EC7	levels\tmpla\generated\sdat\sd39_shadow.xbt	unused	-	22004	0	dev-leftover(-benchmark)
6D2BB881	levels\tmpla\generated\sdat\sd3_shadow.xbt	unused	-	22004	0	dev-leftover(-benchmark)
FC7A08C9	levels\tmpla\generated\sdat\sd4.sdat	unused	-	23536	0	dev-leftover(-benchmark)
62C179FC	levels\tmpla\generated\sdat\sd40.sdat	unused	-	23536	0	dev-leftover(-benchmark)
B448520E	levels\tmpla\generated\sdat\sd40_shadow.xbt	unused	-	22004	0	dev-leftover(-benchmark)
A99DAA59	levels\tmpla\generated\sdat\sd41.sdat	unused	-	23536	0	dev-leftover(-benchmark)
2FED1E61	levels\tmpla\generated\sdat\sd41_shadow.xbt	unused	-	22004	0	dev-leftover(-benchmark)
2F09D8F7	levels\tmpla\generated\sdat\sd42.sdat	unused	-	23536	0	dev-leftover(-benchmark)
5873CC91	levels\tmpla\generated\sdat\sd42_shadow.xbt	unused	-	22004	0	dev-leftover(-benchmark)
E4550B52	levels\tmpla\generated\sdat\sd43.sdat	unused	-	23536	0	dev-leftover(-benchmark)
C3D680FE	levels\tmpla\generated\sdat\sd43_shadow.xbt	unused	-	22004	0	dev-leftover(-benchmark)
F9503BEA	levels\tmpla\generated\sdat\sd44.sdat	unused	-	23536	0	dev-leftover(-benchmark)
B74E6971	levels\tmpla\generated\sdat\sd44_shadow.xbt	unused	-	22004	0	dev-leftover(-benchmark)
320CE84F	levels\tmpla\generated\sdat\sd45.sdat	unused	-	23536	0	dev-leftover(-benchmark)
2CEB251E	levels\tmpla\generated\sdat\sd45_shadow.xbt	unused	-	22004	0	dev-leftover(-benchmark)
B4989AE1	levels\tmpla\generated\sdat\sd46.sdat	unused	-	23536	0	dev-leftover(-benchmark)
5B75F7EE	levels\tmpla\generated\sdat\sd46_shadow.xbt	unused	-	22004	0	dev-leftover(-benchmark)
7FC44944	levels\tmpla\generated\sdat\sd47.sdat	unused	-	23536	0	dev-leftover(-benchmark)
C0D0BB81	levels\tmpla\generated\sdat\sd47_shadow.xbt	unused	-	22004	0	dev-leftover(-benchmark)
8E92FB91	levels\tmpla\generated\sdat\sd48.sdat	unused	-	23536	0	dev-leftover(-benchmark)
B24424F0	levels\tmpla\generated\sdat\sd48_shadow.xbt	unused	-	22004	0	dev-leftover(-benchmark)
45CE2834	levels\tmpla\generated\sdat\sd49.sdat	unused	-	23536	0	dev-leftover(-benchmark)
29E1689F	levels\tmpla\generated\sdat\sd49_shadow.xbt	unused	-	22004	0	dev-leftover(-benchmark)
19B3510E	levels\tmpla\generated\sdat\sd4_shadow.xbt	unused	-	22004	0	dev-leftover(-benchmark)
3726DB6C	levels\tmpla\generated\sdat\sd5.sdat	unused	-	23536	0	dev-leftover(-benchmark)
C4B67248	levels\tmpla\generated\sdat\sd50.sdat	unused	-	23536	0	dev-leftover(-benchmark)
69DE8B8B	levels\tmpla\generated\sdat\sd50_shadow.xbt	unused	-	22004	0	dev-leftover(-benchmark)
0FEAA1ED	levels\tmpla\generated\sdat\sd51.sdat	unused	-	23536	0	dev-leftover(-benchmark)
F27BC7E4	levels\tmpla\generated\sdat\sd51_shadow.xbt	unused	-	22004	0	dev-leftover(-benchmark)
897ED343	levels\tmpla\generated\sdat\sd52.sdat	unused	-	23536	0	dev-leftover(-benchmark)
85E51514	levels\tmpla\generated\sdat\sd52_shadow.xbt	unused	-	22004	0	dev-leftover(-benchmark)
422200E6	levels\tmpla\generated\sdat\sd53.sdat	unused	-	23536	0	dev-leftover(-benchmark)
1E40597B	levels\tmpla\generated\sdat\sd53_shadow.xbt	unused	-	22004	0	dev-leftover(-benchmark)
5F27305E	levels\tmpla\generated\sdat\sd54.sdat	unused	-	23536	0	dev-leftover(-benchmark)
6AD8B0F4	levels\tmpla\generated\sdat\sd54_shadow.xbt	unused	-	22004	0	dev-leftover(-benchmark)
947BE3FB	levels\tmpla\generated\sdat\sd55.sdat	unused	-	23536	0	dev-leftover(-benchmark)
F17DFC9B	levels\tmpla\generated\sdat\sd55_shadow.xbt	unused	-	22004	0	dev-leftover(-benchmark)
12EF9155	levels\tmpla\generated\sdat\sd56.sdat	unused	-	23536	0	dev-leftover(-benchmark)
86E32E6B	levels\tmpla\generated\sdat\sd56_shadow.xbt	unused	-	22004	0	dev-leftover(-benchmark)
D9B342F0	levels\tmpla\generated\sdat\sd57.sdat	unused	-	23536	0	dev-leftover(-benchmark)
1D466204	levels\tmpla\generated\sdat\sd57_shadow.xbt	unused	-	22004	0	dev-leftover(-benchmark)
28E5F025	levels\tmpla\generated\sdat\sd58.sdat	unused	-	23536	0	dev-leftover(-benchmark)
6FD2FD75	levels\tmpla\generated\sdat\sd58_shadow.xbt	unused	-	22004	0	dev-leftover(-benchmark)
E3B92380	levels\tmpla\generated\sdat\sd59.sdat	unused	-	23536	0	dev-leftover(-benchmark)
F477B11A	levels\tmpla\generated\sdat\sd59_shadow.xbt	unused	-	22004	0	dev-leftover(-benchmark)
82161D61	levels\tmpla\generated\sdat\sd5_shadow.xbt	unused	-	22004	0	dev-leftover(-benchmark)
B1B2A9C2	levels\tmpla\generated\sdat\sd6.sdat	unused	-	23536	0	dev-leftover(-benchmark)
F55E68D5	levels\tmpla\generated\sdat\sd60.sdat	unused	-	23536	0	dev-leftover(-benchmark)
D414E745	levels\tmpla\generated\sdat\sd60_shadow.xbt	unused	-	22004	0	dev-leftover(-benchmark)
3E02BB70	levels\tmpla\generated\sdat\sd61.sdat	unused	-	23536	0	dev-leftover(-benchmark)
4FB1AB2A	levels\tmpla\generated\sdat\sd61_shadow.xbt	unused	-	22004	0	dev-leftover(-benchmark)
B896C9DE	levels\tmpla\generated\sdat\sd62.sdat	unused	-	23536	0	dev-leftover(-benchmark)
382F79DA	levels\tmpla\generated\sdat\sd62_shadow.xbt	unused	-	22004	0	dev-leftover(-benchmark)
73CA1A7B	levels\tmpla\generated\sdat\sd63.sdat	unused	-	23536	0	dev-leftover(-benchmark)
A38A35B5	levels\tmpla\generated\sdat\sd63_shadow.xbt	unused	-	22004	0	dev-leftover(-benchmark)
F588CF91	levels\tmpla\generated\sdat\sd6_shadow.xbt	unused	-	22004	0	dev-leftover(-benchmark)
7AEE7A67	levels\tmpla\generated\sdat\sd7.sdat	unused	-	23536	0	dev-leftover(-benchmark)
6E2D83FE	levels\tmpla\generated\sdat\sd7_shadow.xbt	unused	-	22004	0	dev-leftover(-benchmark)
8BB8C8B2	levels\tmpla\generated\sdat\sd8.sdat	unused	-	23536	0	dev-leftover(-benchmark)
1CB91C8F	levels\tmpla\generated\sdat\sd8_shadow.xbt	unused	-	22004	0	dev-leftover(-benchmark)
40E41B17	levels\tmpla\generated\sdat\sd9.sdat	unused	-	23536	0	dev-leftover(-benchmark)
871C50E0	levels\tmpla\generated\sdat\sd9_shadow.xbt	unused	-	22004	0	dev-leftover(-benchmark)
EBF4F18E	levels\tmpla\generated\worldsectors\sector0.desc.fcb	unused	-	1508	3	dev-leftover(-benchmark)
CDFBECE3	levels\tmpla\generated\worldsectors\sector0.srl	unused	-	1024	0	dev-leftover(-benchmark)
04369AB0	levels\tmpla\generated\worldsectors\sector1.desc.fcb	unused	-	1508	3	dev-leftover(-benchmark)
F09BC553	levels\tmpla\generated\worldsectors\sector1.srl	unused	-	1024	0	dev-leftover(-benchmark)
E261E65C	levels\tmpla\generated\worldsectors\sector10.desc.fcb	unused	-	1508	3	dev-leftover(-benchmark)
57A0F201	levels\tmpla\generated\worldsectors\sector10.srl	unused	-	1024	0	dev-leftover(-benchmark)
0DA38D62	levels\tmpla\generated\worldsectors\sector11.desc.fcb	unused	-	1508	3	dev-leftover(-benchmark)
6AC0DBB1	levels\tmpla\generated\worldsectors\sector11.srl	unused	-	1024	0	dev-leftover(-benchmark)
E6943661	levels\tmpla\generated\worldsectors\sector12.desc.fcb	unused	-	1508	3	dev-leftover(-benchmark)
2D60A161	levels\tmpla\generated\worldsectors\sector12.srl	unused	-	1024	0	dev-leftover(-benchmark)
09565D5F	levels\tmpla\generated\worldsectors\sector13.desc.fcb	unused	-	1508	3	dev-leftover(-benchmark)
100088D1	levels\tmpla\generated\worldsectors\sector13.srl	unused	-	1024	0	dev-leftover(-benchmark)
EB8A4626	levels\tmpla\generated\worldsectors\sector14.desc.fcb	unused	-	1508	3	dev-leftover(-benchmark)
A22054C1	levels\tmpla\generated\worldsectors\sector14.srl	unused	-	1024	0	dev-leftover(-benchmark)
04482D18	levels\tmpla\generated\worldsectors\sector15.desc.fcb	unused	-	1508	3	dev-leftover(-benchmark)
9F407D71	levels\tmpla\generated\worldsectors\sector15.srl	unused	-	1024	0	dev-leftover(-benchmark)
EF7F961B	levels\tmpla\generated\worldsectors\sector16.desc.fcb	unused	-	1508	3	dev-leftover(-benchmark)
D8E007A1	levels\tmpla\generated\worldsectors\sector16.srl	unused	-	1024	0	dev-leftover(-benchmark)
00BDFD25	levels\tmpla\generated\worldsectors\sector17.desc.fcb	unused	-	1508	3	dev-leftover(-benchmark)
E5802E11	levels\tmpla\generated\worldsectors\sector17.srl	unused	-	1024	0	dev-leftover(-benchmark)
F1B6A6A8	levels\tmpla\generated\worldsectors\sector18.desc.fcb	unused	-	1508	3	dev-leftover(-benchmark)
67D0B9C0	levels\tmpla\generated\worldsectors\sector18.srl	unused	-	1024	0	dev-leftover(-benchmark)
1E74CD96	levels\tmpla\generated\worldsectors\sector19.desc.fcb	unused	-	1508	3	dev-leftover(-benchmark)
5AB09070	levels\tmpla\generated\worldsectors\sector19.srl	unused	-	1024	0	dev-leftover(-benchmark)
EF0121B3	levels\tmpla\generated\worldsectors\sector2.desc.fcb	unused	-	1508	3	dev-leftover(-benchmark)
B73BBF83	levels\tmpla\generated\worldsectors\sector2.srl	unused	-	1024	0	dev-leftover(-benchmark)
7B83805D	levels\tmpla\generated\worldsectors\sector20.desc.fcb	unused	-	1508	3	dev-leftover(-benchmark)
D13480AF	levels\tmpla\generated\worldsectors\sector20.srl	unused	-	1024	0	dev-leftover(-benchmark)
9441EB63	levels\tmpla\generated\worldsectors\sector21.desc.fcb	unused	-	1508	3	dev-leftover(-benchmark)
EC54A91F	levels\tmpla\generated\worldsectors\sector21.srl	unused	-	1024	0	dev-leftover(-benchmark)
7F765060	levels\tmpla\generated\worldsectors\sector22.desc.fcb	unused	-	1508	3	dev-leftover(-benchmark)
ABF4D3CF	levels\tmpla\generated\worldsectors\sector22.srl	unused	-	1024	0	dev-leftover(-benchmark)
90B43B5E	levels\tmpla\generated\worldsectors\sector23.desc.fcb	unused	-	1508	3	dev-leftover(-benchmark)
9694FA7F	levels\tmpla\generated\worldsectors\sector23.srl	unused	-	1024	0	dev-leftover(-benchmark)
72682027	levels\tmpla\generated\worldsectors\sector24.desc.fcb	unused	-	1508	3	dev-leftover(-benchmark)
24B4266F	levels\tmpla\generated\worldsectors\sector24.srl	unused	-	1024	0	dev-leftover(-benchmark)
9DAA4B19	levels\tmpla\generated\worldsectors\sector25.desc.fcb	unused	-	1508	3	dev-leftover(-benchmark)
19D40FDF	levels\tmpla\generated\worldsectors\sector25.srl	unused	-	1024	0	dev-leftover(-benchmark)
769DF01A	levels\tmpla\generated\worldsectors\sector26.desc.fcb	unused	-	1508	3	dev-leftover(-benchmark)
5E74750F	levels\tmpla\generated\worldsectors\sector26.srl	unused	-	1024	0	dev-leftover(-benchmark)
995F9B24	levels\tmpla\generated\worldsectors\sector27.desc.fcb	unused	-	1508	3	dev-leftover(-benchmark)
63145CBF	levels\tmpla\generated\worldsectors\sector27.srl	unused	-	1024	0	dev-leftover(-benchmark)
6854C0A9	levels\tmpla\generated\worldsectors\sector28.desc.fcb	unused	-	1508	3	dev-leftover(-benchmark)
E144CB6E	levels\tmpla\generated\worldsectors\sector28.srl	unused	-	1024	0	dev-leftover(-benchmark)
8796AB97	levels\tmpla\generated\worldsectors\sector29.desc.fcb	unused	-	1508	3	dev-leftover(-benchmark)
DC24E2DE	levels\tmpla\generated\worldsectors\sector29.srl	unused	-	1024	0	dev-leftover(-benchmark)
00C34A8D	levels\tmpla\generated\worldsectors\sector3.desc.fcb	unused	-	1508	3	dev-leftover(-benchmark)
8A5B9633	levels\tmpla\generated\worldsectors\sector3.srl	unused	-	1024	0	dev-leftover(-benchmark)
BA0D5F9D	levels\tmpla\generated\worldsectors\sector30.desc.fcb	unused	-	1508	3	dev-leftover(-benchmark)
1A68530A	levels\tmpla\generated\worldsectors\sector30.srl	unused	-	1024	0	dev-leftover(-benchmark)
55CF34A3	levels\tmpla\generated\worldsectors\sector31.desc.fcb	unused	-	1508	3	dev-leftover(-benchmark)
27087ABA	levels\tmpla\generated\worldsectors\sector31.srl	unused	-	1024	0	dev-leftover(-benchmark)
BEF88FA0	levels\tmpla\generated\worldsectors\sector32.desc.fcb	unused	-	1508	3	dev-leftover(-benchmark)
60A8006A	levels\tmpla\generated\worldsectors\sector32.srl	unused	-	1024	0	dev-leftover(-benchmark)
513AE49E	levels\tmpla\generated\worldsectors\sector33.desc.fcb	unused	-	1508	3	dev-leftover(-benchmark)
5DC829DA	levels\tmpla\generated\worldsectors\sector33.srl	unused	-	1024	0	dev-leftover(-benchmark)
B3E6FFE7	levels\tmpla\generated\worldsectors\sector34.desc.fcb	unused	-	1508	3	dev-leftover(-benchmark)
EFE8F5CA	levels\tmpla\generated\worldsectors\sector34.srl	unused	-	1024	0	dev-leftover(-benchmark)
5C2494D9	levels\tmpla\generated\worldsectors\sector35.desc.fcb	unused	-	1508	3	dev-leftover(-benchmark)
D288DC7A	levels\tmpla\generated\worldsectors\sector35.srl	unused	-	1024	0	dev-leftover(-benchmark)
B7132FDA	levels\tmpla\generated\worldsectors\sector36.desc.fcb	unused	-	1508	3	dev-leftover(-benchmark)
9528A6AA	levels\tmpla\generated\worldsectors\sector36.srl	unused	-	1024	0	dev-leftover(-benchmark)
58D144E4	levels\tmpla\generated\worldsectors\sector37.desc.fcb	unused	-	1508	3	dev-leftover(-benchmark)
A8488F1A	levels\tmpla\generated\worldsectors\sector37.srl	unused	-	1024	0	dev-leftover(-benchmark)
A9DA1F69	levels\tmpla\generated\worldsectors\sector38.desc.fcb	unused	-	1508	3	dev-leftover(-benchmark)
2A1818CB	levels\tmpla\generated\worldsectors\sector38.srl	unused	-	1024	0	dev-leftover(-benchmark)
46187457	levels\tmpla\generated\worldsectors\sector39.desc.fcb	unused	-	1508	3	dev-leftover(-benchmark)
1778317B	levels\tmpla\generated\worldsectors\sector39.srl	unused	-	1024	0	dev-leftover(-benchmark)
E21F51F4	levels\tmpla\generated\worldsectors\sector4.desc.fcb	unused	-	1508	3	dev-leftover(-benchmark)
387B4A23	levels\tmpla\generated\worldsectors\sector4.srl	unused	-	1024	0	dev-leftover(-benchmark)
93364A1E	levels\tmpla\generated\worldsectors\sector40.desc.fcb	unused	-	1508	3	dev-leftover(-benchmark)
076D63B2	levels\tmpla\generated\worldsectors\sector40.srl	unused	-	1024	0	dev-leftover(-benchmark)
7CF42120	levels\tmpla\generated\worldsectors\sector41.desc.fcb	unused	-	1508	3	dev-leftover(-benchmark)
3A0D4A02	levels\tmpla\generated\worldsectors\sector41.srl	unused	-	1024	0	dev-leftover(-benchmark)
97C39A23	levels\tmpla\generated\worldsectors\sector42.desc.fcb	unused	-	1508	3	dev-leftover(-benchmark)
7DAD30D2	levels\tmpla\generated\worldsectors\sector42.srl	unused	-	1024	0	dev-leftover(-benchmark)
7801F11D	levels\tmpla\generated\worldsectors\sector43.desc.fcb	unused	-	1508	3	dev-leftover(-benchmark)
40CD1962	levels\tmpla\generated\worldsectors\sector43.srl	unused	-	1024	0	dev-leftover(-benchmark)
9ADDEA64	levels\tmpla\generated\worldsectors\sector44.desc.fcb	unused	-	1508	3	dev-leftover(-benchmark)
F2EDC572	levels\tmpla\generated\worldsectors\sector44.srl	unused	-	1024	0	dev-leftover(-benchmark)
751F815A	levels\tmpla\generated\worldsectors\sector45.desc.fcb	unused	-	1508	3	dev-leftover(-benchmark)
CF8DECC2	levels\tmpla\generated\worldsectors\sector45.srl	unused	-	1024	0	dev-leftover(-benchmark)
9E283A59	levels\tmpla\generated\worldsectors\sector46.desc.fcb	unused	-	1508	3	dev-leftover(-benchmark)
882D9612	levels\tmpla\generated\worldsectors\sector46.srl	unused	-	1024	0	dev-leftover(-benchmark)
71EA5167	levels\tmpla\generated\worldsectors\sector47.desc.fcb	unused	-	1508	3	dev-leftover(-benchmark)
B54DBFA2	levels\tmpla\generated\worldsectors\sector47.srl	unused	-	1024	0	dev-leftover(-benchmark)
80E10AEA	levels\tmpla\generated\worldsectors\sector48.desc.fcb	unused	-	1508	3	dev-leftover(-benchmark)
371D2873	levels\tmpla\generated\worldsectors\sector48.srl	unused	-	1024	0	dev-leftover(-benchmark)
6F2361D4	levels\tmpla\generated\worldsectors\sector49.desc.fcb	unused	-	1508	3	dev-leftover(-benchmark)
0A7D01C3	levels\tmpla\generated\worldsectors\sector49.srl	unused	-	1024	0	dev-leftover(-benchmark)
0DDD3ACA	levels\tmpla\generated\worldsectors\sector5.desc.fcb	unused	-	1508	3	dev-leftover(-benchmark)
051B6393	levels\tmpla\generated\worldsectors\sector5.srl	unused	-	1024	0	dev-leftover(-benchmark)
52B895DE	levels\tmpla\generated\worldsectors\sector50.desc.fcb	unused	-	1508	3	dev-leftover(-benchmark)
CC31B017	levels\tmpla\generated\worldsectors\sector50.srl	unused	-	1024	0	dev-leftover(-benchmark)
BD7AFEE0	levels\tmpla\generated\worldsectors\sector51.desc.fcb	unused	-	1508	3	dev-leftover(-benchmark)
F15199A7	levels\tmpla\generated\worldsectors\sector51.srl	unused	-	1024	0	dev-leftover(-benchmark)
564D45E3	levels\tmpla\generated\worldsectors\sector52.desc.fcb	unused	-	1508	3	dev-leftover(-benchmark)
B6F1E377	levels\tmpla\generated\worldsectors\sector52.srl	unused	-	1024	0	dev-leftover(-benchmark)
B98F2EDD	levels\tmpla\generated\worldsectors\sector53.desc.fcb	unused	-	1508	3	dev-leftover(-benchmark)
8B91CAC7	levels\tmpla\generated\worldsectors\sector53.srl	unused	-	1024	0	dev-leftover(-benchmark)
5B5335A4	levels\tmpla\generated\worldsectors\sector54.desc.fcb	unused	-	1508	3	dev-leftover(-benchmark)
39B116D7	levels\tmpla\generated\worldsectors\sector54.srl	unused	-	1024	0	dev-leftover(-benchmark)
B4915E9A	levels\tmpla\generated\worldsectors\sector55.desc.fcb	unused	-	1508	3	dev-leftover(-benchmark)
04D13F67	levels\tmpla\generated\worldsectors\sector55.srl	unused	-	1024	0	dev-leftover(-benchmark)
5FA6E599	levels\tmpla\generated\worldsectors\sector56.desc.fcb	unused	-	1508	3	dev-leftover(-benchmark)
437145B7	levels\tmpla\generated\worldsectors\sector56.srl	unused	-	1024	0	dev-leftover(-benchmark)
B0648EA7	levels\tmpla\generated\worldsectors\sector57.desc.fcb	unused	-	1508	3	dev-leftover(-benchmark)
7E116C07	levels\tmpla\generated\worldsectors\sector57.srl	unused	-	1024	0	dev-leftover(-benchmark)
416FD52A	levels\tmpla\generated\worldsectors\sector58.desc.fcb	unused	-	1508	3	dev-leftover(-benchmark)
FC41FBD6	levels\tmpla\generated\worldsectors\sector58.srl	unused	-	1024	0	dev-leftover(-benchmark)
AEADBE14	levels\tmpla\generated\worldsectors\sector59.desc.fcb	unused	-	1508	3	dev-leftover(-benchmark)
C121D266	levels\tmpla\generated\worldsectors\sector59.srl	unused	-	1024	0	dev-leftover(-benchmark)
E6EA81C9	levels\tmpla\generated\worldsectors\sector6.desc.fcb	unused	-	1508	3	dev-leftover(-benchmark)
42BB1943	levels\tmpla\generated\worldsectors\sector6.srl	unused	-	1024	0	dev-leftover(-benchmark)
CB5AF3DF	levels\tmpla\generated\worldsectors\sector60.desc.fcb	unused	-	1508	3	dev-leftover(-benchmark)
4AA5C2B9	levels\tmpla\generated\worldsectors\sector60.srl	unused	-	1024	0	dev-leftover(-benchmark)
249898E1	levels\tmpla\generated\worldsectors\sector61.desc.fcb	unused	-	1508	3	dev-leftover(-benchmark)
77C5EB09	levels\tmpla\generated\worldsectors\sector61.srl	unused	-	1024	0	dev-leftover(-benchmark)
CFAF23E2	levels\tmpla\generated\worldsectors\sector62.desc.fcb	unused	-	1508	3	dev-leftover(-benchmark)
306591D9	levels\tmpla\generated\worldsectors\sector62.srl	unused	-	1024	0	dev-leftover(-benchmark)
206D48DC	levels\tmpla\generated\worldsectors\sector63.desc.fcb	unused	-	1508	3	dev-leftover(-benchmark)
0D05B869	levels\tmpla\generated\worldsectors\sector63.srl	unused	-	1024	0	dev-leftover(-benchmark)
0928EAF7	levels\tmpla\generated\worldsectors\sector7.desc.fcb	unused	-	1508	3	dev-leftover(-benchmark)
7FDB30F3	levels\tmpla\generated\worldsectors\sector7.srl	unused	-	1024	0	dev-leftover(-benchmark)
F823B17A	levels\tmpla\generated\worldsectors\sector8.desc.fcb	unused	-	1508	3	dev-leftover(-benchmark)
FD8BA722	levels\tmpla\generated\worldsectors\sector8.srl	unused	-	1024	0	dev-leftover(-benchmark)
17E1DA44	levels\tmpla\generated\worldsectors\sector9.desc.fcb	unused	-	1508	3	dev-leftover(-benchmark)
C0EB8E92	levels\tmpla\generated\worldsectors\sector9.srl	unused	-	1024	0	dev-leftover(-benchmark)
33971792	levels\tmpla\generated\worldsectors\zonesector0.zsr	unused	-	4096	0	dev-leftover(-benchmark)
0EF73E22	levels\tmpla\generated\worldsectors\zonesector1.zsr	unused	-	4096	0	dev-leftover(-benchmark)
3412F29F	levels\tmpla\generated\worldsectors\zonesector10.zsr	unused	-	4096	0	dev-leftover(-benchmark)
0972DB2F	levels\tmpla\generated\worldsectors\zonesector11.zsr	unused	-	4096	0	dev-leftover(-benchmark)
4ED2A1FF	levels\tmpla\generated\worldsectors\zonesector12.zsr	unused	-	4096	0	dev-leftover(-benchmark)
73B2884F	levels\tmpla\generated\worldsectors\zonesector13.zsr	unused	-	4096	0	dev-leftover(-benchmark)
C192545F	levels\tmpla\generated\worldsectors\zonesector14.zsr	unused	-	4096	0	dev-leftover(-benchmark)
FCF27DEF	levels\tmpla\generated\worldsectors\zonesector15.zsr	unused	-	4096	0	dev-leftover(-benchmark)
BB52073F	levels\tmpla\generated\worldsectors\zonesector16.zsr	unused	-	4096	0	dev-leftover(-benchmark)
86322E8F	levels\tmpla\generated\worldsectors\zonesector17.zsr	unused	-	4096	0	dev-leftover(-benchmark)
0462B95E	levels\tmpla\generated\worldsectors\zonesector18.zsr	unused	-	4096	0	dev-leftover(-benchmark)
390290EE	levels\tmpla\generated\worldsectors\zonesector19.zsr	unused	-	4096	0	dev-leftover(-benchmark)
495744F2	levels\tmpla\generated\worldsectors\zonesector2.zsr	unused	-	4096	0	dev-leftover(-benchmark)
B2868031	levels\tmpla\generated\worldsectors\zonesector20.zsr	unused	-	4096	0	dev-leftover(-benchmark)
8FE6A981	levels\tmpla\generated\worldsectors\zonesector21.zsr	unused	-	4096	0	dev-leftover(-benchmark)
C846D351	levels\tmpla\generated\worldsectors\zonesector22.zsr	unused	-	4096	0	dev-leftover(-benchmark)
F526FAE1	levels\tmpla\generated\worldsectors\zonesector23.zsr	unused	-	4096	0	dev-leftover(-benchmark)
470626F1	levels\tmpla\generated\worldsectors\zonesector24.zsr	unused	-	4096	0	dev-leftover(-benchmark)
7A660F41	levels\tmpla\generated\worldsectors\zonesector25.zsr	unused	-	4096	0	dev-leftover(-benchmark)
3DC67591	levels\tmpla\generated\worldsectors\zonesector26.zsr	unused	-	4096	0	dev-leftover(-benchmark)
00A65C21	levels\tmpla\generated\worldsectors\zonesector27.zsr	unused	-	4096	0	dev-leftover(-benchmark)
82F6CBF0	levels\tmpla\generated\worldsectors\zonesector28.zsr	unused	-	4096	0	dev-leftover(-benchmark)
BF96E240	levels\tmpla\generated\worldsectors\zonesector29.zsr	unused	-	4096	0	dev-leftover(-benchmark)
74376D42	levels\tmpla\generated\worldsectors\zonesector3.zsr	unused	-	4096	0	dev-leftover(-benchmark)
79DA5394	levels\tmpla\generated\worldsectors\zonesector30.zsr	unused	-	4096	0	dev-leftover(-benchmark)
44BA7A24	levels\tmpla\generated\worldsectors\zonesector31.zsr	unused	-	4096	0	dev-leftover(-benchmark)
031A00F4	levels\tmpla\generated\worldsectors\zonesector32.zsr	unused	-	4096	0	dev-leftover(-benchmark)
3E7A2944	levels\tmpla\generated\worldsectors\zonesector33.zsr	unused	-	4096	0	dev-leftover(-benchmark)
8C5AF554	levels\tmpla\generated\worldsectors\zonesector34.zsr	unused	-	4096	0	dev-leftover(-benchmark)
B13ADCE4	levels\tmpla\generated\worldsectors\zonesector35.zsr	unused	-	4096	0	dev-leftover(-benchmark)
F69AA634	levels\tmpla\generated\worldsectors\zonesector36.zsr	unused	-	4096	0	dev-leftover(-benchmark)
CBFA8F84	levels\tmpla\generated\worldsectors\zonesector37.zsr	unused	-	4096	0	dev-leftover(-benchmark)
49AA1855	levels\tmpla\generated\worldsectors\zonesector38.zsr	unused	-	4096	0	dev-leftover(-benchmark)
74CA31E5	levels\tmpla\generated\worldsectors\zonesector39.zsr	unused	-	4096	0	dev-leftover(-benchmark)
C617B152	levels\tmpla\generated\worldsectors\zonesector4.zsr	unused	-	4096	0	dev-leftover(-benchmark)
64DF632C	levels\tmpla\generated\worldsectors\zonesector40.zsr	unused	-	4096	0	dev-leftover(-benchmark)
59BF4A9C	levels\tmpla\generated\worldsectors\zonesector41.zsr	unused	-	4096	0	dev-leftover(-benchmark)
1E1F304C	levels\tmpla\generated\worldsectors\zonesector42.zsr	unused	-	4096	0	dev-leftover(-benchmark)
237F19FC	levels\tmpla\generated\worldsectors\zonesector43.zsr	unused	-	4096	0	dev-leftover(-benchmark)
915FC5EC	levels\tmpla\generated\worldsectors\zonesector44.zsr	unused	-	4096	0	dev-leftover(-benchmark)
AC3FEC5C	levels\tmpla\generated\worldsectors\zonesector45.zsr	unused	-	4096	0	dev-leftover(-benchmark)
EB9F968C	levels\tmpla\generated\worldsectors\zonesector46.zsr	unused	-	4096	0	dev-leftover(-benchmark)
D6FFBF3C	levels\tmpla\generated\worldsectors\zonesector47.zsr	unused	-	4096	0	dev-leftover(-benchmark)
54AF28ED	levels\tmpla\generated\worldsectors\zonesector48.zsr	unused	-	4096	0	dev-leftover(-benchmark)
69CF015D	levels\tmpla\generated\worldsectors\zonesector49.zsr	unused	-	4096	0	dev-leftover(-benchmark)
FB7798E2	levels\tmpla\generated\worldsectors\zonesector5.zsr	unused	-	4096	0	dev-leftover(-benchmark)
AF83B089	levels\tmpla\generated\worldsectors\zonesector50.zsr	unused	-	4096	0	dev-leftover(-benchmark)
92E39939	levels\tmpla\generated\worldsectors\zonesector51.zsr	unused	-	4096	0	dev-leftover(-benchmark)
D543E3E9	levels\tmpla\generated\worldsectors\zonesector52.zsr	unused	-	4096	0	dev-leftover(-benchmark)
E823CA59	levels\tmpla\generated\worldsectors\zonesector53.zsr	unused	-	4096	0	dev-leftover(-benchmark)
5A031649	levels\tmpla\generated\worldsectors\zonesector54.zsr	unused	-	4096	0	dev-leftover(-benchmark)
67633FF9	levels\tmpla\generated\worldsectors\zonesector55.zsr	unused	-	4096	0	dev-leftover(-benchmark)
20C34529	levels\tmpla\generated\worldsectors\zonesector56.zsr	unused	-	4096	0	dev-leftover(-benchmark)
1DA36C99	levels\tmpla\generated\worldsectors\zonesector57.zsr	unused	-	4096	0	dev-leftover(-benchmark)
9FF3FB48	levels\tmpla\generated\worldsectors\zonesector58.zsr	unused	-	4096	0	dev-leftover(-benchmark)
A293D2F8	levels\tmpla\generated\worldsectors\zonesector59.zsr	unused	-	4096	0	dev-leftover(-benchmark)
BCD7E232	levels\tmpla\generated\worldsectors\zonesector6.zsr	unused	-	4096	0	dev-leftover(-benchmark)
2917C227	levels\tmpla\generated\worldsectors\zonesector60.zsr	unused	-	4096	0	dev-leftover(-benchmark)
1477EB97	levels\tmpla\generated\worldsectors\zonesector61.zsr	unused	-	4096	0	dev-leftover(-benchmark)
53D79147	levels\tmpla\generated\worldsectors\zonesector62.zsr	unused	-	4096	0	dev-leftover(-benchmark)
6EB7B8F7	levels\tmpla\generated\worldsectors\zonesector63.zsr	unused	-	4096	0	dev-leftover(-benchmark)
81B7CB82	levels\tmpla\generated\worldsectors\zonesector7.zsr	unused	-	4096	0	dev-leftover(-benchmark)
03E75C53	levels\tmpla\generated\worldsectors\zonesector8.zsr	unused	-	4096	0	dev-leftover(-benchmark)
3E8775E3	levels\tmpla\generated\worldsectors\zonesector9.zsr	unused	-	4096	0	dev-leftover(-benchmark)
FA56FD01	levels\tmpla\mapcompass.xbt	unused	-	43896	1	dev-leftover(-benchmark)
F8B450B4	levels\tmpla\mapcompass_mip0.xbt	unused	-	131232	0	unreachable
C39B930A	scripts\console\aidebugview.console	unknown	-	42	0	opaque-referrers(console)
ECC45D7F	scripts\console\fixfps30.console	unknown	-	21	0	opaque-referrers(console)
0F88DD5C	scripts\console\netshooting.console	unknown	-	109	0	opaque-referrers(console)
CE0D75EB	scripts\console\nokilllod.console	unknown	-	156	0	opaque-referrers(console)
AA2DBF96	scripts\console\playerstatus.console	unknown	-	43	0	opaque-referrers(console)
750AB704	scripts\console\qc-mp-all-0.console	unknown	-	197	0	opaque-referrers(console)
6271A347	scripts\console\qc-mp-all-1.console	unknown	-	225	0	opaque-referrers(console)
62C8D0BF	scripts\console\qc-mp-col-0.console	unknown	-	116	0	opaque-referrers(console)
75B3C4FC	scripts\console\qc-mp-col-1.console	unknown	-	114	0	opaque-referrers(console)
368C23B2	scripts\console\qc-mp-gfx-1.console	unknown	-	153	0	opaque-referrers(console)
3096D7BF	scripts\console\qc-mp-wpn-0.console	unknown	-	203	0	opaque-referrers(console)
27EDC3FC	scripts\console\qc-mp-wpn-1.console	unknown	-	246	0	opaque-referrers(console)
B3AF7F31	scripts\console\qc-sp-all-0.console	unknown	-	62	0	opaque-referrers(console)
A4D46B72	scripts\console\qc-sp-all-1.console	unknown	-	103	0	opaque-referrers(console)
6F4E1F4D	scripts\game\barkdata\0.pfe	unknown	-	55264	0	opaque-referrers(pfe)
522E36FD	scripts\game\barkdata\1.pfe	unknown	-	64128	0	opaque-referrers(pfe)
F17A1A8B	scripts\game\barkdata\1029600.pfe	unknown	-	86592	0	opaque-referrers(pfe)
CC1A333B	scripts\game\barkdata\1029601.pfe	unknown	-	121088	0	opaque-referrers(pfe)
8BBA49EB	scripts\game\barkdata\1029602.pfe	unknown	-	87088	0	opaque-referrers(pfe)
D76F590F	scripts\game\barkdata\1072500.pfe	unknown	-	9328	0	opaque-referrers(pfe)
EA0F70BF	scripts\game\barkdata\1072501.pfe	unknown	-	34080	0	opaque-referrers(pfe)
ADAF0A6F	scripts\game\barkdata\1072502.pfe	unknown	-	20752	0	opaque-referrers(pfe)
E7054916	scripts\game\barkdata\1115400.pfe	unknown	-	13328	0	opaque-referrers(pfe)
DA6560A6	scripts\game\barkdata\1115401.pfe	unknown	-	35680	0	opaque-referrers(pfe)
9DC51A76	scripts\game\barkdata\1115402.pfe	unknown	-	13744	0	opaque-referrers(pfe)
CBB7D2E7	scripts\game\barkdata\128700.pfe	unknown	-	33392	0	opaque-referrers(pfe)
16FB6720	scripts\game\barkdata\1287000.pfe	unknown	-	1104	0	opaque-referrers(pfe)
2B9B4E90	scripts\game\barkdata\1287001.pfe	unknown	-	560	0	opaque-referrers(pfe)
EC05D161	scripts\game\barkdata\1329900.pfe	unknown	-	158032	0	opaque-referrers(pfe)
D165F8D1	scripts\game\barkdata\1329901.pfe	unknown	-	114976	0	opaque-referrers(pfe)
5D8F83CC	scripts\game\barkdata\1372800.pfe	unknown	-	148992	0	opaque-referrers(pfe)
60EFAA7C	scripts\game\barkdata\1372801.pfe	unknown	-	134464	0	opaque-referrers(pfe)
534B0469	scripts\game\barkdata\1417375.pfe	unknown	-	20960	0	opaque-referrers(pfe)
4FF53CFE	scripts\game\barkdata\1417810.pfe	unknown	-	15120	0	opaque-referrers(pfe)
023D9DF5	scripts\game\barkdata\1417830.pfe	unknown	-	5536	0	opaque-referrers(pfe)
EA3E6B9F	scripts\game\barkdata\1417905.pfe	unknown	-	19664	0	opaque-referrers(pfe)
2162B83A	scripts\game\barkdata\1417915.pfe	unknown	-	17424	0	opaque-referrers(pfe)
6F1645E4	scripts\game\barkdata\1417920.pfe	unknown	-	4832	0	opaque-referrers(pfe)
B94FA6F9	scripts\game\barkdata\1417940.pfe	unknown	-	32512	0	opaque-referrers(pfe)
BAF3FA2C	scripts\game\barkdata\1417955.pfe	unknown	-	22240	0	opaque-referrers(pfe)
503CA6E7	scripts\game\barkdata\1418155.pfe	unknown	-	9776	0	opaque-referrers(pfe)
89D74A10	scripts\game\barkdata\1418360.pfe	unknown	-	12304	0	opaque-referrers(pfe)
4137C560	scripts\game\barkdata\1418365.pfe	unknown	-	976	0	opaque-referrers(pfe)
EA077F2A	scripts\game\barkdata\1418560.pfe	unknown	-	29488	0	opaque-referrers(pfe)
BAD01570	scripts\game\barkdata\1419480.pfe	unknown	-	6288	0	opaque-referrers(pfe)
25112361	scripts\game\barkdata\1419575.pfe	unknown	-	19264	0	opaque-referrers(pfe)
1CA71EC4	scripts\game\barkdata\1419580.pfe	unknown	-	18256	0	opaque-referrers(pfe)
C11C8634	scripts\game\barkdata\1419600.pfe	unknown	-	2192	0	opaque-referrers(pfe)
FC7E5B71	scripts\game\barkdata\1420295.pfe	unknown	-	29664	0	opaque-referrers(pfe)
323B1E12	scripts\game\barkdata\1420675.pfe	unknown	-	21280	0	opaque-referrers(pfe)
258F4C6F	scripts\game\barkdata\1421110.pfe	unknown	-	16240	0	opaque-referrers(pfe)
6847ED64	scripts\game\barkdata\1421130.pfe	unknown	-	5216	0	opaque-referrers(pfe)
17DB0A27	scripts\game\barkdata\1421205.pfe	unknown	-	19616	0	opaque-referrers(pfe)
DC87D982	scripts\game\barkdata\1421215.pfe	unknown	-	16000	0	opaque-referrers(pfe)
92F3245C	scripts\game\barkdata\1421220.pfe	unknown	-	4016	0	opaque-referrers(pfe)
914F7889	scripts\game\barkdata\1421235.pfe	unknown	-	32352	0	opaque-referrers(pfe)
47169B94	scripts\game\barkdata\1421255.pfe	unknown	-	21312	0	opaque-referrers(pfe)
24C6AEAE	scripts\game\barkdata\1421455.pfe	unknown	-	9920	0	opaque-referrers(pfe)
B359BF87	scripts\game\barkdata\1421655.pfe	unknown	-	11792	0	opaque-referrers(pfe)
35CDCD29	scripts\game\barkdata\1421665.pfe	unknown	-	2192	0	opaque-referrers(pfe)
AD123904	scripts\game\barkdata\1421860.pfe	unknown	-	22272	0	opaque-referrers(pfe)
49A824CA	scripts\game\barkdata\1422680.pfe	unknown	-	13376	0	opaque-referrers(pfe)
9BA1B3D0	scripts\game\barkdata\1422755.pfe	unknown	-	7568	0	opaque-referrers(pfe)
FC3B0904	scripts\game\barkdata\1423150.pfe	unknown	-	17936	0	opaque-referrers(pfe)
7C0AB1B9	scripts\game\barkdata\1423585.pfe	unknown	-	17408	0	opaque-referrers(pfe)
A1B12949	scripts\game\barkdata\1423605.pfe	unknown	-	5264	0	opaque-referrers(pfe)
85022454	scripts\game\barkdata\1423680.pfe	unknown	-	20256	0	opaque-referrers(pfe)
4E5EF7F1	scripts\game\barkdata\1423690.pfe	unknown	-	18880	0	opaque-referrers(pfe)
86BE7881	scripts\game\barkdata\1423695.pfe	unknown	-	7072	0	opaque-referrers(pfe)
CF26AD8D	scripts\game\barkdata\1423700.pfe	unknown	-	35616	0	opaque-referrers(pfe)
49B2DF23	scripts\game\barkdata\1423730.pfe	unknown	-	19728	0	opaque-referrers(pfe)
198DA47E	scripts\game\barkdata\1423930.pfe	unknown	-	10144	0	opaque-referrers(pfe)
4AFC6918	scripts\game\barkdata\1423975.pfe	unknown	-	18864	0	opaque-referrers(pfe)
3F576DAC	scripts\game\barkdata\1424410.pfe	unknown	-	17088	0	opaque-referrers(pfe)
729FCCA7	scripts\game\barkdata\1424430.pfe	unknown	-	5664	0	opaque-referrers(pfe)
9A9C3ACD	scripts\game\barkdata\1424505.pfe	unknown	-	16896	0	opaque-referrers(pfe)
51C0E968	scripts\game\barkdata\1424515.pfe	unknown	-	20960	0	opaque-referrers(pfe)
1FB414B6	scripts\game\barkdata\1424520.pfe	unknown	-	4544	0	opaque-referrers(pfe)
D4E8C713	scripts\game\barkdata\1424530.pfe	unknown	-	34720	0	opaque-referrers(pfe)
CA51AB7E	scripts\game\barkdata\1424555.pfe	unknown	-	19840	0	opaque-referrers(pfe)
5DCEBA57	scripts\game\barkdata\1424755.pfe	unknown	-	9536	0	opaque-referrers(pfe)
DFF85610	scripts\game\barkdata\1424880.pfe	unknown	-	10416	0	opaque-referrers(pfe)
1718D960	scripts\game\barkdata\1424885.pfe	unknown	-	11808	0	opaque-referrers(pfe)
88D9EF71	scripts\game\barkdata\1424970.pfe	unknown	-	44016	0	opaque-referrers(pfe)
D1EBAA3C	scripts\game\barkdata\1425070.pfe	unknown	-	11184	0	opaque-referrers(pfe)
190B254C	scripts\game\barkdata\1425075.pfe	unknown	-	10272	0	opaque-referrers(pfe)
15057673	scripts\game\barkdata\1425235.pfe	unknown	-	49664	0	opaque-referrers(pfe)
C0E0C9BB	scripts\game\barkdata\1425240.pfe	unknown	-	65632	0	opaque-referrers(pfe)
8C93609F	scripts\game\barkdata\1425975.pfe	unknown	-	12432	0	opaque-referrers(pfe)
12AC0CD4	scripts\game\barkdata\1426050.pfe	unknown	-	6400	0	opaque-referrers(pfe)
1F1957C4	scripts\game\barkdata\1426905.pfe	unknown	-	4320	0	opaque-referrers(pfe)
45974E5C	scripts\game\barkdata\1427010.pfe	unknown	-	14688	0	opaque-referrers(pfe)
8D77C12C	scripts\game\barkdata\1427015.pfe	unknown	-	15264	0	opaque-referrers(pfe)
0BE3B382	scripts\game\barkdata\1427025.pfe	unknown	-	2656	0	opaque-referrers(pfe)
02F4767B	scripts\game\barkdata\1427695.pfe	unknown	-	11552	0	opaque-referrers(pfe)
08E4C2B5	scripts\game\barkdata\1430040.pfe	unknown	-	18592	0	opaque-referrers(pfe)
91803EB7	scripts\game\barkdata\1430550.pfe	unknown	-	18112	0	opaque-referrers(pfe)
808B5D30	scripts\game\barkdata\1430760.pfe	unknown	-	10880	0	opaque-referrers(pfe)
486BD240	scripts\game\barkdata\1430765.pfe	unknown	-	5344	0	opaque-referrers(pfe)
4BD78E95	scripts\game\barkdata\1430770.pfe	unknown	-	13408	0	opaque-referrers(pfe)
833701E5	scripts\game\barkdata\1430775.pfe	unknown	-	4864	0	opaque-referrers(pfe)
38B7D007	scripts\game\barkdata\1430855.pfe	unknown	-	34896	0	opaque-referrers(pfe)
BD9FFE7C	scripts\game\barkdata\1430870.pfe	unknown	-	27680	0	opaque-referrers(pfe)
757F710C	scripts\game\barkdata\1430875.pfe	unknown	-	28560	0	opaque-referrers(pfe)
4CC94CA9	scripts\game\barkdata\1430880.pfe	unknown	-	5440	0	opaque-referrers(pfe)
8429C3D9	scripts\game\barkdata\1430885.pfe	unknown	-	30368	0	opaque-referrers(pfe)
4F75107C	scripts\game\barkdata\1430895.pfe	unknown	-	25984	0	opaque-referrers(pfe)
CE0D4A00	scripts\game\barkdata\1430905.pfe	unknown	-	13840	0	opaque-referrers(pfe)
CDB116D5	scripts\game\barkdata\1430910.pfe	unknown	-	30512	0	opaque-referrers(pfe)
9D7C8766	scripts\game\barkdata\1430940.pfe	unknown	-	15760	0	opaque-referrers(pfe)
559C0816	scripts\game\barkdata\1430945.pfe	unknown	-	4752	0	opaque-referrers(pfe)
562054C3	scripts\game\barkdata\1430950.pfe	unknown	-	19152	0	opaque-referrers(pfe)
D0B4266D	scripts\game\barkdata\1430960.pfe	unknown	-	11536	0	opaque-referrers(pfe)
EABE471D	scripts\game\barkdata\1430980.pfe	unknown	-	14336	0	opaque-referrers(pfe)
21E294B8	scripts\game\barkdata\1430990.pfe	unknown	-	9440	0	opaque-referrers(pfe)
DAF7AE46	scripts\game\barkdata\1431025.pfe	unknown	-	10096	0	opaque-referrers(pfe)
7B6C8D20	scripts\game\barkdata\1431085.pfe	unknown	-	10256	0	opaque-referrers(pfe)
32F4582C	scripts\game\barkdata\1431110.pfe	unknown	-	10784	0	opaque-referrers(pfe)
DEA7DA41	scripts\game\barkdata\1431190.pfe	unknown	-	2128	0	opaque-referrers(pfe)
16475531	scripts\game\barkdata\1431195.pfe	unknown	-	2000	0	opaque-referrers(pfe)
C8409114	scripts\game\barkdata\1431200.pfe	unknown	-	2112	0	opaque-referrers(pfe)
D545A1AC	scripts\game\barkdata\1431270.pfe	unknown	-	2288	0	opaque-referrers(pfe)
ECF39C09	scripts\game\barkdata\1431285.pfe	unknown	-	1776	0	opaque-referrers(pfe)
EF4FC0DC	scripts\game\barkdata\1431290.pfe	unknown	-	1920	0	opaque-referrers(pfe)
27AF4FAC	scripts\game\barkdata\1431295.pfe	unknown	-	1856	0	opaque-referrers(pfe)
6E379AA0	scripts\game\barkdata\1431300.pfe	unknown	-	2128	0	opaque-referrers(pfe)
A6D715D0	scripts\game\barkdata\1431305.pfe	unknown	-	2656	0	opaque-referrers(pfe)
A56B4905	scripts\game\barkdata\1431310.pfe	unknown	-	1680	0	opaque-referrers(pfe)
6D8BC675	scripts\game\barkdata\1431315.pfe	unknown	-	2096	0	opaque-referrers(pfe)
23FF3BAB	scripts\game\barkdata\1431320.pfe	unknown	-	2480	0	opaque-referrers(pfe)
EB1FB4DB	scripts\game\barkdata\1431325.pfe	unknown	-	2320	0	opaque-referrers(pfe)
E8A3E80E	scripts\game\barkdata\1431330.pfe	unknown	-	3008	0	opaque-referrers(pfe)
2043677E	scripts\game\barkdata\1431335.pfe	unknown	-	3280	0	opaque-referrers(pfe)
F5A6D8B6	scripts\game\barkdata\1431340.pfe	unknown	-	3008	0	opaque-referrers(pfe)
BBD22568	scripts\game\barkdata\1431375.pfe	unknown	-	16144	0	opaque-referrers(pfe)
826418CD	scripts\game\barkdata\1431380.pfe	unknown	-	13216	0	opaque-referrers(pfe)
4A8497BD	scripts\game\barkdata\1431385.pfe	unknown	-	4800	0	opaque-referrers(pfe)
4938CB68	scripts\game\barkdata\1431390.pfe	unknown	-	12576	0	opaque-referrers(pfe)
81D84418	scripts\game\barkdata\1431395.pfe	unknown	-	4848	0	opaque-referrers(pfe)
F8E16948	scripts\game\barkdata\1431445.pfe	unknown	-	19792	0	opaque-referrers(pfe)
FB5D359D	scripts\game\barkdata\1431450.pfe	unknown	-	7008	0	opaque-referrers(pfe)
8C9FF5E6	scripts\game\barkdata\1431490.pfe	unknown	-	30608	0	opaque-referrers(pfe)
C50720EA	scripts\game\barkdata\1431505.pfe	unknown	-	34832	0	opaque-referrers(pfe)
0E5BF34F	scripts\game\barkdata\1431515.pfe	unknown	-	34256	0	opaque-referrers(pfe)
402F0E91	scripts\game\barkdata\1431520.pfe	unknown	-	34176	0	opaque-referrers(pfe)
8B73DD34	scripts\game\barkdata\1431530.pfe	unknown	-	32960	0	opaque-referrers(pfe)
43935244	scripts\game\barkdata\1431535.pfe	unknown	-	9296	0	opaque-referrers(pfe)
9676ED8C	scripts\game\barkdata\1431540.pfe	unknown	-	25216	0	opaque-referrers(pfe)
D8021052	scripts\game\barkdata\1431575.pfe	unknown	-	11728	0	opaque-referrers(pfe)
3CFD5FE9	scripts\game\barkdata\1431850.pfe	unknown	-	3120	0	opaque-referrers(pfe)
011B164B	scripts\game\barkdata\1431910.pfe	unknown	-	11776	0	opaque-referrers(pfe)
C9FB993B	scripts\game\barkdata\1431915.pfe	unknown	-	9456	0	opaque-referrers(pfe)
D15087DE	scripts\game\barkdata\1432000.pfe	unknown	-	4544	0	opaque-referrers(pfe)
19B008AE	scripts\game\barkdata\1432005.pfe	unknown	-	3200	0	opaque-referrers(pfe)
1A0C547B	scripts\game\barkdata\1432010.pfe	unknown	-	3072	0	opaque-referrers(pfe)
D2ECDB0B	scripts\game\barkdata\1432015.pfe	unknown	-	3584	0	opaque-referrers(pfe)
9C9826D5	scripts\game\barkdata\1432020.pfe	unknown	-	3520	0	opaque-referrers(pfe)
5478A9A5	scripts\game\barkdata\1432025.pfe	unknown	-	3600	0	opaque-referrers(pfe)
57C4F570	scripts\game\barkdata\1432030.pfe	unknown	-	3232	0	opaque-referrers(pfe)
9F247A00	scripts\game\barkdata\1432035.pfe	unknown	-	3344	0	opaque-referrers(pfe)
4AC1C5C8	scripts\game\barkdata\1432040.pfe	unknown	-	3376	0	opaque-referrers(pfe)
82214AB8	scripts\game\barkdata\1432045.pfe	unknown	-	2720	0	opaque-referrers(pfe)
819D166D	scripts\game\barkdata\1432050.pfe	unknown	-	3328	0	opaque-referrers(pfe)
497D991D	scripts\game\barkdata\1432055.pfe	unknown	-	3024	0	opaque-referrers(pfe)
070964C3	scripts\game\barkdata\1432060.pfe	unknown	-	2640	0	opaque-referrers(pfe)
CFE9EBB3	scripts\game\barkdata\1432065.pfe	unknown	-	1904	0	opaque-referrers(pfe)
CC55B766	scripts\game\barkdata\1432070.pfe	unknown	-	2896	0	opaque-referrers(pfe)
04B53816	scripts\game\barkdata\1432075.pfe	unknown	-	3280	0	opaque-referrers(pfe)
3D0305B3	scripts\game\barkdata\1432080.pfe	unknown	-	3200	0	opaque-referrers(pfe)
F5E38AC3	scripts\game\barkdata\1432085.pfe	unknown	-	2832	0	opaque-referrers(pfe)
F65FD616	scripts\game\barkdata\1432090.pfe	unknown	-	2496	0	opaque-referrers(pfe)
46CF96F7	scripts\game\barkdata\1432200.pfe	unknown	-	22240	0	opaque-referrers(pfe)
EE437068	scripts\game\barkdata\1432410.pfe	unknown	-	10864	0	opaque-referrers(pfe)
26A3FF18	scripts\game\barkdata\1432415.pfe	unknown	-	5888	0	opaque-referrers(pfe)
68D702C6	scripts\game\barkdata\1432420.pfe	unknown	-	13648	0	opaque-referrers(pfe)
A0378DB6	scripts\game\barkdata\1432425.pfe	unknown	-	6176	0	opaque-referrers(pfe)
4B882709	scripts\game\barkdata\1432505.pfe	unknown	-	40128	0	opaque-referrers(pfe)
CEA00972	scripts\game\barkdata\1432520.pfe	unknown	-	36640	0	opaque-referrers(pfe)
06408602	scripts\game\barkdata\1432525.pfe	unknown	-	32976	0	opaque-referrers(pfe)
05FCDAD7	scripts\game\barkdata\1432530.pfe	unknown	-	5152	0	opaque-referrers(pfe)
CD1C55A7	scripts\game\barkdata\1432535.pfe	unknown	-	35488	0	opaque-referrers(pfe)
D019651F	scripts\game\barkdata\1432545.pfe	unknown	-	34880	0	opaque-referrers(pfe)
1B45B6BA	scripts\game\barkdata\1432555.pfe	unknown	-	13968	0	opaque-referrers(pfe)
55314B64	scripts\game\barkdata\1432560.pfe	unknown	-	38320	0	opaque-referrers(pfe)
A467F9B1	scripts\game\barkdata\1432590.pfe	unknown	-	15552	0	opaque-referrers(pfe)
6C8776C1	scripts\game\barkdata\1432595.pfe	unknown	-	4832	0	opaque-referrers(pfe)
B280B2E4	scripts\game\barkdata\1432600.pfe	unknown	-	18032	0	opaque-referrers(pfe)
79DC6141	scripts\game\barkdata\1432610.pfe	unknown	-	12096	0	opaque-referrers(pfe)
3414C04A	scripts\game\barkdata\1432630.pfe	unknown	-	15680	0	opaque-referrers(pfe)
2911F0F2	scripts\game\barkdata\1432640.pfe	unknown	-	11616	0	opaque-referrers(pfe)
67650D2C	scripts\game\barkdata\1432675.pfe	unknown	-	10480	0	opaque-referrers(pfe)
5A83448E	scripts\game\barkdata\1432735.pfe	unknown	-	9584	0	opaque-referrers(pfe)
C2AE5A4D	scripts\game\barkdata\1432760.pfe	unknown	-	10608	0	opaque-referrers(pfe)
FB1867E8	scripts\game\barkdata\1432795.pfe	unknown	-	36080	0	opaque-referrers(pfe)
792E8BAF	scripts\game\barkdata\1432840.pfe	unknown	-	2768	0	opaque-referrers(pfe)
B1CE04DF	scripts\game\barkdata\1432845.pfe	unknown	-	1936	0	opaque-referrers(pfe)
B272580A	scripts\game\barkdata\1432850.pfe	unknown	-	2384	0	opaque-referrers(pfe)
47749ED8	scripts\game\barkdata\1432915.pfe	unknown	-	2752	0	opaque-referrers(pfe)
09006306	scripts\game\barkdata\1432920.pfe	unknown	-	2544	0	opaque-referrers(pfe)
C1E0EC76	scripts\game\barkdata\1432925.pfe	unknown	-	1728	0	opaque-referrers(pfe)
C25CB0A3	scripts\game\barkdata\1432930.pfe	unknown	-	1680	0	opaque-referrers(pfe)
140553BE	scripts\game\barkdata\1432950.pfe	unknown	-	2576	0	opaque-referrers(pfe)
DCE5DCCE	scripts\game\barkdata\1432955.pfe	unknown	-	2096	0	opaque-referrers(pfe)
92912110	scripts\game\barkdata\1432960.pfe	unknown	-	2688	0	opaque-referrers(pfe)
5A71AE60	scripts\game\barkdata\1432965.pfe	unknown	-	3472	0	opaque-referrers(pfe)
59CDF2B5	scripts\game\barkdata\1432970.pfe	unknown	-	1392	0	opaque-referrers(pfe)
912D7DC5	scripts\game\barkdata\1432975.pfe	unknown	-	2272	0	opaque-referrers(pfe)
A89B4060	scripts\game\barkdata\1432980.pfe	unknown	-	2480	0	opaque-referrers(pfe)
607BCF10	scripts\game\barkdata\1432985.pfe	unknown	-	3184	0	opaque-referrers(pfe)
63C793C5	scripts\game\barkdata\1432990.pfe	unknown	-	2560	0	opaque-referrers(pfe)
98D2A93B	scripts\game\barkdata\1433025.pfe	unknown	-	19136	0	opaque-referrers(pfe)
C4116BB7	scripts\game\barkdata\1433235.pfe	unknown	-	9392	0	opaque-referrers(pfe)
11F4D47F	scripts\game\barkdata\1433240.pfe	unknown	-	4800	0	opaque-referrers(pfe)
D9145B0F	scripts\game\barkdata\1433245.pfe	unknown	-	11360	0	opaque-referrers(pfe)
DAA807DA	scripts\game\barkdata\1433250.pfe	unknown	-	4944	0	opaque-referrers(pfe)
AA86EF73	scripts\game\barkdata\1433330.pfe	unknown	-	36288	0	opaque-referrers(pfe)
7F6350BB	scripts\game\barkdata\1433345.pfe	unknown	-	35136	0	opaque-referrers(pfe)
7CDF0C6E	scripts\game\barkdata\1433350.pfe	unknown	-	33104	0	opaque-referrers(pfe)
B43F831E	scripts\game\barkdata\1433355.pfe	unknown	-	4032	0	opaque-referrers(pfe)
FA4B7EC0	scripts\game\barkdata\1433360.pfe	unknown	-	38320	0	opaque-referrers(pfe)
3117AD65	scripts\game\barkdata\1433370.pfe	unknown	-	29952	0	opaque-referrers(pfe)
C0411FB0	scripts\game\barkdata\1433380.pfe	unknown	-	10992	0	opaque-referrers(pfe)
08A190C0	scripts\game\barkdata\1433385.pfe	unknown	-	33744	0	opaque-referrers(pfe)
EA09FF86	scripts\game\barkdata\1433415.pfe	unknown	-	14320	0	opaque-referrers(pfe)
A47D0258	scripts\game\barkdata\1433420.pfe	unknown	-	4416	0	opaque-referrers(pfe)
6C9D8D28	scripts\game\barkdata\1433425.pfe	unknown	-	17888	0	opaque-referrers(pfe)
A7C15E8D	scripts\game\barkdata\1433435.pfe	unknown	-	12720	0	opaque-referrers(pfe)
7198BD90	scripts\game\barkdata\1433455.pfe	unknown	-	13408	0	opaque-referrers(pfe)
F70CCF3E	scripts\game\barkdata\1433465.pfe	unknown	-	9712	0	opaque-referrers(pfe)
4FC2A8E7	scripts\game\barkdata\1433500.pfe	unknown	-	9200	0	opaque-referrers(pfe)
999B4BFA	scripts\game\barkdata\1433560.pfe	unknown	-	8624	0	opaque-referrers(pfe)
6B71A5FA	scripts\game\barkdata\1433585.pfe	unknown	-	10784	0	opaque-referrers(pfe)
6093DE17	scripts\game\barkdata\1433665.pfe	unknown	-	3776	0	opaque-referrers(pfe)
632F82C2	scripts\game\barkdata\1433670.pfe	unknown	-	3408	0	opaque-referrers(pfe)
ABCF0DB2	scripts\game\barkdata\1433675.pfe	unknown	-	3376	0	opaque-referrers(pfe)
8B2C74A8	scripts\game\barkdata\1433745.pfe	unknown	-	2928	0	opaque-referrers(pfe)
8890287D	scripts\game\barkdata\1433750.pfe	unknown	-	3264	0	opaque-referrers(pfe)
4070A70D	scripts\game\barkdata\1433755.pfe	unknown	-	3552	0	opaque-referrers(pfe)
0E045AD3	scripts\game\barkdata\1433760.pfe	unknown	-	3584	0	opaque-referrers(pfe)
C6E4D5A3	scripts\game\barkdata\1433765.pfe	unknown	-	1872	0	opaque-referrers(pfe)
C5588976	scripts\game\barkdata\1433770.pfe	unknown	-	3408	0	opaque-referrers(pfe)
0DB80606	scripts\game\barkdata\1433775.pfe	unknown	-	2560	0	opaque-referrers(pfe)
FF52E806	scripts\game\barkdata\1433790.pfe	unknown	-	3376	0	opaque-referrers(pfe)
37B26776	scripts\game\barkdata\1433795.pfe	unknown	-	4416	0	opaque-referrers(pfe)
2E15C927	scripts\game\barkdata\1433800.pfe	unknown	-	2976	0	opaque-referrers(pfe)
E6F54657	scripts\game\barkdata\1433805.pfe	unknown	-	2912	0	opaque-referrers(pfe)
E5491A82	scripts\game\barkdata\1433810.pfe	unknown	-	4192	0	opaque-referrers(pfe)
2DA995F2	scripts\game\barkdata\1433815.pfe	unknown	-	3280	0	opaque-referrers(pfe)
7ED85894	scripts\game\barkdata\1433850.pfe	unknown	-	18272	0	opaque-referrers(pfe)
B638D7E4	scripts\game\barkdata\1433855.pfe	unknown	-	11072	0	opaque-referrers(pfe)
F84C2A3A	scripts\game\barkdata\1433860.pfe	unknown	-	5776	0	opaque-referrers(pfe)
30ACA54A	scripts\game\barkdata\1433865.pfe	unknown	-	13728	0	opaque-referrers(pfe)
3310F99F	scripts\game\barkdata\1433870.pfe	unknown	-	6352	0	opaque-referrers(pfe)
C5AA6398	scripts\game\barkdata\1433920.pfe	unknown	-	15712	0	opaque-referrers(pfe)
0D4AECE8	scripts\game\barkdata\1433925.pfe	unknown	-	8352	0	opaque-referrers(pfe)
96DBAEFE	scripts\game\barkdata\1433965.pfe	unknown	-	37344	0	opaque-referrers(pfe)
643140FE	scripts\game\barkdata\1433980.pfe	unknown	-	36128	0	opaque-referrers(pfe)
AF6D935B	scripts\game\barkdata\1433990.pfe	unknown	-	34688	0	opaque-referrers(pfe)
678D1C2B	scripts\game\barkdata\1433995.pfe	unknown	-	34432	0	opaque-referrers(pfe)
DFDF0129	scripts\game\barkdata\1434005.pfe	unknown	-	26192	0	opaque-referrers(pfe)
DC635DFC	scripts\game\barkdata\1434010.pfe	unknown	-	7840	0	opaque-referrers(pfe)
1483D28C	scripts\game\barkdata\1434015.pfe	unknown	-	22768	0	opaque-referrers(pfe)
47F21FEA	scripts\game\barkdata\1434050.pfe	unknown	-	10832	0	opaque-referrers(pfe)
A3FFBABF	scripts\game\barkdata\1434325.pfe	unknown	-	2976	0	opaque-referrers(pfe)
026499D9	scripts\game\barkdata\1434385.pfe	unknown	-	15776	0	opaque-referrers(pfe)
01D8C50C	scripts\game\barkdata\1434390.pfe	unknown	-	9200	0	opaque-referrers(pfe)
35294957	scripts\game\barkdata\1434460.pfe	unknown	-	2256	0	opaque-referrers(pfe)
FDC9C627	scripts\game\barkdata\1434465.pfe	unknown	-	3280	0	opaque-referrers(pfe)
FE759AF2	scripts\game\barkdata\1434470.pfe	unknown	-	1728	0	opaque-referrers(pfe)
36951582	scripts\game\barkdata\1434475.pfe	unknown	-	3248	0	opaque-referrers(pfe)
C47FFB82	scripts\game\barkdata\1434490.pfe	unknown	-	2944	0	opaque-referrers(pfe)
0C9F74F2	scripts\game\barkdata\1434495.pfe	unknown	-	3120	0	opaque-referrers(pfe)
4507A1FE	scripts\game\barkdata\1434500.pfe	unknown	-	2848	0	opaque-referrers(pfe)
8DE72E8E	scripts\game\barkdata\1434505.pfe	unknown	-	1984	0	opaque-referrers(pfe)
8E5B725B	scripts\game\barkdata\1434510.pfe	unknown	-	3488	0	opaque-referrers(pfe)
46BBFD2B	scripts\game\barkdata\1434515.pfe	unknown	-	3200	0	opaque-referrers(pfe)
08CF00F5	scripts\game\barkdata\1434520.pfe	unknown	-	4416	0	opaque-referrers(pfe)
C02F8F85	scripts\game\barkdata\1434525.pfe	unknown	-	2960	0	opaque-referrers(pfe)
C393D350	scripts\game\barkdata\1434530.pfe	unknown	-	3344	0	opaque-referrers(pfe)
0B735C20	scripts\game\barkdata\1434535.pfe	unknown	-	3408	0	opaque-referrers(pfe)
DE96E3E8	scripts\game\barkdata\1434540.pfe	unknown	-	3760	0	opaque-referrers(pfe)
16766C98	scripts\game\barkdata\1434545.pfe	unknown	-	2048	0	opaque-referrers(pfe)
15CA304D	scripts\game\barkdata\1434550.pfe	unknown	-	3360	0	opaque-referrers(pfe)
DD2ABF3D	scripts\game\barkdata\1434555.pfe	unknown	-	3568	0	opaque-referrers(pfe)
935E42E3	scripts\game\barkdata\1434560.pfe	unknown	-	3808	0	opaque-referrers(pfe)
74EFBB63	scripts\game\barkdata\1434600.pfe	unknown	-	2528	0	opaque-referrers(pfe)
BC0F3413	scripts\game\barkdata\1434605.pfe	unknown	-	2224	0	opaque-referrers(pfe)
BFB368C6	scripts\game\barkdata\1434610.pfe	unknown	-	2032	0	opaque-referrers(pfe)
A10A04AB	scripts\game\barkdata\1434675.pfe	unknown	-	14480	0	opaque-referrers(pfe)
98BC390E	scripts\game\barkdata\1434680.pfe	unknown	-	13200	0	opaque-referrers(pfe)
505CB67E	scripts\game\barkdata\1434685.pfe	unknown	-	4768	0	opaque-referrers(pfe)
53E0EAAB	scripts\game\barkdata\1434690.pfe	unknown	-	13840	0	opaque-referrers(pfe)
9B0065DB	scripts\game\barkdata\1434695.pfe	unknown	-	5120	0	opaque-referrers(pfe)
81E97DB1	scripts\game\barkdata\1434745.pfe	unknown	-	20752	0	opaque-referrers(pfe)
82552164	scripts\game\barkdata\1434750.pfe	unknown	-	5632	0	opaque-referrers(pfe)
F597E11F	scripts\game\barkdata\1434790.pfe	unknown	-	35008	0	opaque-referrers(pfe)
EC304F4E	scripts\game\barkdata\1434805.pfe	unknown	-	38128	0	opaque-referrers(pfe)
276C9CEB	scripts\game\barkdata\1434815.pfe	unknown	-	29360	0	opaque-referrers(pfe)
69186135	scripts\game\barkdata\1434820.pfe	unknown	-	34496	0	opaque-referrers(pfe)
A244B290	scripts\game\barkdata\1434830.pfe	unknown	-	32864	0	opaque-referrers(pfe)
6AA43DE0	scripts\game\barkdata\1434835.pfe	unknown	-	8256	0	opaque-referrers(pfe)
BF418228	scripts\game\barkdata\1434840.pfe	unknown	-	34608	0	opaque-referrers(pfe)
F1357FF6	scripts\game\barkdata\1434875.pfe	unknown	-	11376	0	opaque-referrers(pfe)
0063CD23	scripts\game\barkdata\1434885.pfe	unknown	-	13536	0	opaque-referrers(pfe)
03DF91F6	scripts\game\barkdata\1434890.pfe	unknown	-	5392	0	opaque-referrers(pfe)
CB3F1E86	scripts\game\barkdata\1434895.pfe	unknown	-	12944	0	opaque-referrers(pfe)
82A7CB8A	scripts\game\barkdata\1434900.pfe	unknown	-	4416	0	opaque-referrers(pfe)
6EF449E7	scripts\game\barkdata\1434980.pfe	unknown	-	46064	0	opaque-referrers(pfe)
6D481532	scripts\game\barkdata\1434995.pfe	unknown	-	33792	0	opaque-referrers(pfe)
DB958EC7	scripts\game\barkdata\1435000.pfe	unknown	-	32928	0	opaque-referrers(pfe)
137501B7	scripts\game\barkdata\1435005.pfe	unknown	-	5104	0	opaque-referrers(pfe)
10C95D62	scripts\game\barkdata\1435010.pfe	unknown	-	35552	0	opaque-referrers(pfe)
965D2FCC	scripts\game\barkdata\1435020.pfe	unknown	-	29744	0	opaque-referrers(pfe)
5D01FC69	scripts\game\barkdata\1435030.pfe	unknown	-	13936	0	opaque-referrers(pfe)
95E17319	scripts\game\barkdata\1435035.pfe	unknown	-	26608	0	opaque-referrers(pfe)
C52CE2AA	scripts\game\barkdata\1435065.pfe	unknown	-	16176	0	opaque-referrers(pfe)
C690BE7F	scripts\game\barkdata\1435070.pfe	unknown	-	4304	0	opaque-referrers(pfe)
0E70310F	scripts\game\barkdata\1435075.pfe	unknown	-	15552	0	opaque-referrers(pfe)
FF2683DA	scripts\game\barkdata\1435085.pfe	unknown	-	11280	0	opaque-referrers(pfe)
B5020A03	scripts\game\barkdata\1435105.pfe	unknown	-	13520	0	opaque-referrers(pfe)
7E5ED9A6	scripts\game\barkdata\1435115.pfe	unknown	-	9984	0	opaque-referrers(pfe)
2D2F14C0	scripts\game\barkdata\1435150.pfe	unknown	-	9264	0	opaque-referrers(pfe)
87564C4B	scripts\game\barkdata\1435210.pfe	unknown	-	16448	0	opaque-referrers(pfe)
4FB6C33B	scripts\game\barkdata\1435215.pfe	unknown	-	9248	0	opaque-referrers(pfe)
027E6230	scripts\game\barkdata\1435235.pfe	unknown	-	10400	0	opaque-referrers(pfe)
68B992F3	scripts\game\barkdata\1435285.pfe	unknown	-	3088	0	opaque-referrers(pfe)
6B05CE26	scripts\game\barkdata\1435290.pfe	unknown	-	2720	0	opaque-referrers(pfe)
A3E54156	scripts\game\barkdata\1435295.pfe	unknown	-	2208	0	opaque-referrers(pfe)
EA7D945A	scripts\game\barkdata\1435300.pfe	unknown	-	3376	0	opaque-referrers(pfe)
229D1B2A	scripts\game\barkdata\1435305.pfe	unknown	-	2752	0	opaque-referrers(pfe)
212147FF	scripts\game\barkdata\1435310.pfe	unknown	-	3184	0	opaque-referrers(pfe)
E9C1C88F	scripts\game\barkdata\1435315.pfe	unknown	-	3040	0	opaque-referrers(pfe)
6CE9E6F4	scripts\game\barkdata\1435330.pfe	unknown	-	3408	0	opaque-referrers(pfe)
A4096984	scripts\game\barkdata\1435335.pfe	unknown	-	3328	0	opaque-referrers(pfe)
71ECD64C	scripts\game\barkdata\1435340.pfe	unknown	-	2848	0	opaque-referrers(pfe)
B90C593C	scripts\game\barkdata\1435345.pfe	unknown	-	2272	0	opaque-referrers(pfe)
BAB005E9	scripts\game\barkdata\1435350.pfe	unknown	-	3040	0	opaque-referrers(pfe)
72508A99	scripts\game\barkdata\1435355.pfe	unknown	-	3008	0	opaque-referrers(pfe)
3C247747	scripts\game\barkdata\1435360.pfe	unknown	-	2880	0	opaque-referrers(pfe)
F4C4F837	scripts\game\barkdata\1435365.pfe	unknown	-	3184	0	opaque-referrers(pfe)
F778A4E2	scripts\game\barkdata\1435370.pfe	unknown	-	3264	0	opaque-referrers(pfe)
3F982B92	scripts\game\barkdata\1435375.pfe	unknown	-	2672	0	opaque-referrers(pfe)
062E1637	scripts\game\barkdata\1435380.pfe	unknown	-	3200	0	opaque-referrers(pfe)
CECE9947	scripts\game\barkdata\1435385.pfe	unknown	-	3296	0	opaque-referrers(pfe)
05924AE2	scripts\game\barkdata\1435395.pfe	unknown	-	2896	0	opaque-referrers(pfe)
2FDAAAD4	scripts\game\barkdata\1435400.pfe	unknown	-	2400	0	opaque-referrers(pfe)
E73A25A4	scripts\game\barkdata\1435405.pfe	unknown	-	2512	0	opaque-referrers(pfe)
E4867971	scripts\game\barkdata\1435410.pfe	unknown	-	2352	0	opaque-referrers(pfe)
2C66F601	scripts\game\barkdata\1435415.pfe	unknown	-	3184	0	opaque-referrers(pfe)
62120BDF	scripts\game\barkdata\1435420.pfe	unknown	-	2640	0	opaque-referrers(pfe)
AAF284AF	scripts\game\barkdata\1435425.pfe	unknown	-	3040	0	opaque-referrers(pfe)
A94ED87A	scripts\game\barkdata\1435430.pfe	unknown	-	3072	0	opaque-referrers(pfe)
61AE570A	scripts\game\barkdata\1435435.pfe	unknown	-	3344	0	opaque-referrers(pfe)
B44BE8C2	scripts\game\barkdata\1435440.pfe	unknown	-	3088	0	opaque-referrers(pfe)
7CAB67B2	scripts\game\barkdata\1435445.pfe	unknown	-	3328	0	opaque-referrers(pfe)
7F173B67	scripts\game\barkdata\1435450.pfe	unknown	-	2384	0	opaque-referrers(pfe)
B7F7B417	scripts\game\barkdata\1435455.pfe	unknown	-	2624	0	opaque-referrers(pfe)
F98349C9	scripts\game\barkdata\1435460.pfe	unknown	-	3472	0	opaque-referrers(pfe)
3163C6B9	scripts\game\barkdata\1435465.pfe	unknown	-	3280	0	opaque-referrers(pfe)
89ADA160	scripts\game\barkdata\1435500.pfe	unknown	-	19776	0	opaque-referrers(pfe)
414D2E10	scripts\game\barkdata\1435505.pfe	unknown	-	12624	0	opaque-referrers(pfe)
42F172C5	scripts\game\barkdata\1435510.pfe	unknown	-	5088	0	opaque-referrers(pfe)
8A11FDB5	scripts\game\barkdata\1435515.pfe	unknown	-	14896	0	opaque-referrers(pfe)
C465006B	scripts\game\barkdata\1435520.pfe	unknown	-	5152	0	opaque-referrers(pfe)
94A891D8	scripts\game\barkdata\1435570.pfe	unknown	-	16032	0	opaque-referrers(pfe)
5C481EA8	scripts\game\barkdata\1435575.pfe	unknown	-	6896	0	opaque-referrers(pfe)
BBF9E728	scripts\game\barkdata\1435615.pfe	unknown	-	35472	0	opaque-referrers(pfe)
3ED1C953	scripts\game\barkdata\1435630.pfe	unknown	-	33376	0	opaque-referrers(pfe)
23D4F9EB	scripts\game\barkdata\1435640.pfe	unknown	-	34704	0	opaque-referrers(pfe)
EB34769B	scripts\game\barkdata\1435645.pfe	unknown	-	36912	0	opaque-referrers(pfe)
2068A53E	scripts\game\barkdata\1435655.pfe	unknown	-	26864	0	opaque-referrers(pfe)
6E1C58E0	scripts\game\barkdata\1435660.pfe	unknown	-	8336	0	opaque-referrers(pfe)
A6FCD790	scripts\game\barkdata\1435665.pfe	unknown	-	27696	0	opaque-referrers(pfe)
1E32B049	scripts\game\barkdata\1435700.pfe	unknown	-	10224	0	opaque-referrers(pfe)
9BE874DC	scripts\game\barkdata\1435975.pfe	unknown	-	3056	0	opaque-referrers(pfe)
1B6E74FA	scripts\game\barkdata\1436035.pfe	unknown	-	14864	0	opaque-referrers(pfe)
CE8BCB32	scripts\game\barkdata\1436040.pfe	unknown	-	13872	0	opaque-referrers(pfe)
38315135	scripts\game\barkdata\1436110.pfe	unknown	-	3104	0	opaque-referrers(pfe)
F0D1DE45	scripts\game\barkdata\1436115.pfe	unknown	-	3856	0	opaque-referrers(pfe)
BEA5239B	scripts\game\barkdata\1436120.pfe	unknown	-	3664	0	opaque-referrers(pfe)
7645ACEB	scripts\game\barkdata\1436125.pfe	unknown	-	3472	0	opaque-referrers(pfe)
75F9F03E	scripts\game\barkdata\1436130.pfe	unknown	-	3696	0	opaque-referrers(pfe)
BD197F4E	scripts\game\barkdata\1436135.pfe	unknown	-	4048	0	opaque-referrers(pfe)
68FCC086	scripts\game\barkdata\1436140.pfe	unknown	-	3680	0	opaque-referrers(pfe)
A01C4FF6	scripts\game\barkdata\1436145.pfe	unknown	-	3632	0	opaque-referrers(pfe)
A3A01323	scripts\game\barkdata\1436150.pfe	unknown	-	2800	0	opaque-referrers(pfe)
6B409C53	scripts\game\barkdata\1436155.pfe	unknown	-	2640	0	opaque-referrers(pfe)
EE68B228	scripts\game\barkdata\1436170.pfe	unknown	-	4080	0	opaque-referrers(pfe)
26883D58	scripts\game\barkdata\1436175.pfe	unknown	-	4352	0	opaque-referrers(pfe)
1F3E00FD	scripts\game\barkdata\1436180.pfe	unknown	-	3472	0	opaque-referrers(pfe)
D7DE8F8D	scripts\game\barkdata\1436185.pfe	unknown	-	3648	0	opaque-referrers(pfe)
D462D358	scripts\game\barkdata\1436190.pfe	unknown	-	3184	0	opaque-referrers(pfe)
1C825C28	scripts\game\barkdata\1436195.pfe	unknown	-	3568	0	opaque-referrers(pfe)
C285980D	scripts\game\barkdata\1436200.pfe	unknown	-	4400	0	opaque-referrers(pfe)
0A65177D	scripts\game\barkdata\1436205.pfe	unknown	-	3856	0	opaque-referrers(pfe)
09D94BA8	scripts\game\barkdata\1436210.pfe	unknown	-	4480	0	opaque-referrers(pfe)
E1DABDC2	scripts\game\barkdata\1436325.pfe	unknown	-	17168	0	opaque-referrers(pfe)
49565B5D	scripts\game\barkdata\1436535.pfe	unknown	-	11216	0	opaque-referrers(pfe)
9CB3E495	scripts\game\barkdata\1436540.pfe	unknown	-	4400	0	opaque-referrers(pfe)
54536BE5	scripts\game\barkdata\1436545.pfe	unknown	-	14320	0	opaque-referrers(pfe)
57EF3730	scripts\game\barkdata\1436550.pfe	unknown	-	6304	0	opaque-referrers(pfe)
B05ECEB0	scripts\game\barkdata\1436630.pfe	unknown	-	35072	0	opaque-referrers(pfe)
65BB7178	scripts\game\barkdata\1436645.pfe	unknown	-	31376	0	opaque-referrers(pfe)
66072DAD	scripts\game\barkdata\1436650.pfe	unknown	-	31568	0	opaque-referrers(pfe)
AEE7A2DD	scripts\game\barkdata\1436655.pfe	unknown	-	4928	0	opaque-referrers(pfe)
E0935F03	scripts\game\barkdata\1436660.pfe	unknown	-	37584	0	opaque-referrers(pfe)
2BCF8CA6	scripts\game\barkdata\1436670.pfe	unknown	-	28288	0	opaque-referrers(pfe)
DA993E73	scripts\game\barkdata\1436680.pfe	unknown	-	10544	0	opaque-referrers(pfe)
1279B103	scripts\game\barkdata\1436685.pfe	unknown	-	30960	0	opaque-referrers(pfe)
9301EB7F	scripts\game\barkdata\1436715.pfe	unknown	-	16480	0	opaque-referrers(pfe)
DD7516A1	scripts\game\barkdata\1436720.pfe	unknown	-	4448	0	opaque-referrers(pfe)
159599D1	scripts\game\barkdata\1436725.pfe	unknown	-	22208	0	opaque-referrers(pfe)
DEC94A74	scripts\game\barkdata\1436735.pfe	unknown	-	12272	0	opaque-referrers(pfe)
0890A969	scripts\game\barkdata\1436755.pfe	unknown	-	12400	0	opaque-referrers(pfe)
8E04DBC7	scripts\game\barkdata\1436765.pfe	unknown	-	9232	0	opaque-referrers(pfe)
66F5C743	scripts\game\barkdata\1436800.pfe	unknown	-	9520	0	opaque-referrers(pfe)
B0AC245E	scripts\game\barkdata\1436860.pfe	unknown	-	9312	0	opaque-referrers(pfe)
4246CA5E	scripts\game\barkdata\1436885.pfe	unknown	-	10464	0	opaque-referrers(pfe)
DE3BA09A	scripts\game\barkdata\1436965.pfe	unknown	-	3552	0	opaque-referrers(pfe)
DD87FC4F	scripts\game\barkdata\1436970.pfe	unknown	-	2112	0	opaque-referrers(pfe)
1567733F	scripts\game\barkdata\1436975.pfe	unknown	-	3520	0	opaque-referrers(pfe)
0221CBAC	scripts\game\barkdata\1437040.pfe	unknown	-	3056	0	opaque-referrers(pfe)
CAC144DC	scripts\game\barkdata\1437045.pfe	unknown	-	3008	0	opaque-referrers(pfe)
C97D1809	scripts\game\barkdata\1437050.pfe	unknown	-	1632	0	opaque-referrers(pfe)
019D9779	scripts\game\barkdata\1437055.pfe	unknown	-	1600	0	opaque-referrers(pfe)
4FE96AA7	scripts\game\barkdata\1437060.pfe	unknown	-	3392	0	opaque-referrers(pfe)
8709E5D7	scripts\game\barkdata\1437065.pfe	unknown	-	2576	0	opaque-referrers(pfe)
84B5B902	scripts\game\barkdata\1437070.pfe	unknown	-	2464	0	opaque-referrers(pfe)
4C553672	scripts\game\barkdata\1437075.pfe	unknown	-	3488	0	opaque-referrers(pfe)
75E30BD7	scripts\game\barkdata\1437080.pfe	unknown	-	3984	0	opaque-referrers(pfe)
BD0384A7	scripts\game\barkdata\1437085.pfe	unknown	-	2992	0	opaque-referrers(pfe)
F7270D7E	scripts\game\barkdata\1437105.pfe	unknown	-	3856	0	opaque-referrers(pfe)
F49B51AB	scripts\game\barkdata\1437110.pfe	unknown	-	3088	0	opaque-referrers(pfe)
3C7BDEDB	scripts\game\barkdata\1437115.pfe	unknown	-	3312	0	opaque-referrers(pfe)
6F0A13BD	scripts\game\barkdata\1437150.pfe	unknown	-	16976	0	opaque-referrers(pfe)
A7EA9CCD	scripts\game\barkdata\1437155.pfe	unknown	-	11296	0	opaque-referrers(pfe)
E99E6113	scripts\game\barkdata\1437160.pfe	unknown	-	5440	0	opaque-referrers(pfe)
217EEE63	scripts\game\barkdata\1437165.pfe	unknown	-	12240	0	opaque-referrers(pfe)
22C2B2B6	scripts\game\barkdata\1437170.pfe	unknown	-	5440	0	opaque-referrers(pfe)
43E73998	scripts\game\barkdata\1437220.pfe	unknown	-	14640	0	opaque-referrers(pfe)
8B07B6E8	scripts\game\barkdata\1437225.pfe	unknown	-	8976	0	opaque-referrers(pfe)
1096F4FE	scripts\game\barkdata\1437265.pfe	unknown	-	38208	0	opaque-referrers(pfe)
E27C1AFE	scripts\game\barkdata\1437280.pfe	unknown	-	33616	0	opaque-referrers(pfe)
2920C95B	scripts\game\barkdata\1437290.pfe	unknown	-	32864	0	opaque-referrers(pfe)
E1C0462B	scripts\game\barkdata\1437295.pfe	unknown	-	40560	0	opaque-referrers(pfe)
60B81C57	scripts\game\barkdata\1437305.pfe	unknown	-	29312	0	opaque-referrers(pfe)
63044082	scripts\game\barkdata\1437310.pfe	unknown	-	10432	0	opaque-referrers(pfe)
ABE4CFF2	scripts\game\barkdata\1437315.pfe	unknown	-	27680	0	opaque-referrers(pfe)
F8950294	scripts\game\barkdata\1437350.pfe	unknown	-	12432	0	opaque-referrers(pfe)
7F4892FB	scripts\game\barkdata\1437625.pfe	unknown	-	3024	0	opaque-referrers(pfe)
DED3B19D	scripts\game\barkdata\1437685.pfe	unknown	-	15568	0	opaque-referrers(pfe)
DD6FED48	scripts\game\barkdata\1437690.pfe	unknown	-	12896	0	opaque-referrers(pfe)
8A4E5429	scripts\game\barkdata\1437760.pfe	unknown	-	2864	0	opaque-referrers(pfe)
42AEDB59	scripts\game\barkdata\1437765.pfe	unknown	-	3520	0	opaque-referrers(pfe)
4112878C	scripts\game\barkdata\1437770.pfe	unknown	-	3424	0	opaque-referrers(pfe)
89F208FC	scripts\game\barkdata\1437775.pfe	unknown	-	3264	0	opaque-referrers(pfe)
B0443559	scripts\game\barkdata\1437780.pfe	unknown	-	2752	0	opaque-referrers(pfe)
78A4BA29	scripts\game\barkdata\1437785.pfe	unknown	-	3712	0	opaque-referrers(pfe)
7B18E6FC	scripts\game\barkdata\1437790.pfe	unknown	-	2880	0	opaque-referrers(pfe)
B3F8698C	scripts\game\barkdata\1437795.pfe	unknown	-	3376	0	opaque-referrers(pfe)
AA5FC7DD	scripts\game\barkdata\1437800.pfe	unknown	-	3648	0	opaque-referrers(pfe)
62BF48AD	scripts\game\barkdata\1437805.pfe	unknown	-	2976	0	opaque-referrers(pfe)
61031478	scripts\game\barkdata\1437810.pfe	unknown	-	3440	0	opaque-referrers(pfe)
A9E39B08	scripts\game\barkdata\1437815.pfe	unknown	-	3216	0	opaque-referrers(pfe)
E42B3A03	scripts\game\barkdata\1437835.pfe	unknown	-	3008	0	opaque-referrers(pfe)
31CE85CB	scripts\game\barkdata\1437840.pfe	unknown	-	3536	0	opaque-referrers(pfe)
F92E0ABB	scripts\game\barkdata\1437845.pfe	unknown	-	3408	0	opaque-referrers(pfe)
FA92566E	scripts\game\barkdata\1437850.pfe	unknown	-	3344	0	opaque-referrers(pfe)
3272D91E	scripts\game\barkdata\1437855.pfe	unknown	-	2768	0	opaque-referrers(pfe)
7C0624C0	scripts\game\barkdata\1437860.pfe	unknown	-	2960	0	opaque-referrers(pfe)
B4E6ABB0	scripts\game\barkdata\1437865.pfe	unknown	-	3296	0	opaque-referrers(pfe)
D9CD73A1	scripts\game\barkdata\1437975.pfe	unknown	-	17568	0	opaque-referrers(pfe)
E07B4E04	scripts\game\barkdata\1437980.pfe	unknown	-	11776	0	opaque-referrers(pfe)
289BC174	scripts\game\barkdata\1437985.pfe	unknown	-	5648	0	opaque-referrers(pfe)
2B279DA1	scripts\game\barkdata\1437990.pfe	unknown	-	13552	0	opaque-referrers(pfe)
E3C712D1	scripts\game\barkdata\1437995.pfe	unknown	-	4640	0	opaque-referrers(pfe)
13E15670	scripts\game\barkdata\1438045.pfe	unknown	-	15424	0	opaque-referrers(pfe)
105D0AA5	scripts\game\barkdata\1438050.pfe	unknown	-	8016	0	opaque-referrers(pfe)
679FCADE	scripts\game\barkdata\1438090.pfe	unknown	-	31104	0	opaque-referrers(pfe)
2E071FD2	scripts\game\barkdata\1438105.pfe	unknown	-	29520	0	opaque-referrers(pfe)
E55BCC77	scripts\game\barkdata\1438115.pfe	unknown	-	32000	0	opaque-referrers(pfe)
AB2F31A9	scripts\game\barkdata\1438120.pfe	unknown	-	40704	0	opaque-referrers(pfe)
6073E20C	scripts\game\barkdata\1438130.pfe	unknown	-	22880	0	opaque-referrers(pfe)
A8936D7C	scripts\game\barkdata\1438135.pfe	unknown	-	7296	0	opaque-referrers(pfe)
7D76D2B4	scripts\game\barkdata\1438140.pfe	unknown	-	26816	0	opaque-referrers(pfe)
33022F6A	scripts\game\barkdata\1438175.pfe	unknown	-	9680	0	opaque-referrers(pfe)
E4122EB6	scripts\game\barkdata\1438450.pfe	unknown	-	3408	0	opaque-referrers(pfe)
D9F46714	scripts\game\barkdata\1438510.pfe	unknown	-	13472	0	opaque-referrers(pfe)
1114E864	scripts\game\barkdata\1438515.pfe	unknown	-	13120	0	opaque-referrers(pfe)
361BB9AC	scripts\game\barkdata\1438585.pfe	unknown	-	2432	0	opaque-referrers(pfe)
35A7E579	scripts\game\barkdata\1438590.pfe	unknown	-	2720	0	opaque-referrers(pfe)
FD476A09	scripts\game\barkdata\1438595.pfe	unknown	-	1936	0	opaque-referrers(pfe)
2340AE2C	scripts\game\barkdata\1438600.pfe	unknown	-	2080	0	opaque-referrers(pfe)
EBA0215C	scripts\game\barkdata\1438605.pfe	unknown	-	2400	0	opaque-referrers(pfe)
E81C7D89	scripts\game\barkdata\1438610.pfe	unknown	-	2528	0	opaque-referrers(pfe)
20FCF2F9	scripts\game\barkdata\1438615.pfe	unknown	-	2784	0	opaque-referrers(pfe)
6E880F27	scripts\game\barkdata\1438620.pfe	unknown	-	3168	0	opaque-referrers(pfe)
A6688057	scripts\game\barkdata\1438625.pfe	unknown	-	1856	0	opaque-referrers(pfe)
A5D4DC82	scripts\game\barkdata\1438630.pfe	unknown	-	3040	0	opaque-referrers(pfe)
6D3453F2	scripts\game\barkdata\1438635.pfe	unknown	-	3232	0	opaque-referrers(pfe)
B8D1EC3A	scripts\game\barkdata\1438640.pfe	unknown	-	3264	0	opaque-referrers(pfe)
7031634A	scripts\game\barkdata\1438645.pfe	unknown	-	3200	0	opaque-referrers(pfe)
738D3F9F	scripts\game\barkdata\1438650.pfe	unknown	-	3232	0	opaque-referrers(pfe)
BB6DB0EF	scripts\game\barkdata\1438655.pfe	unknown	-	3552	0	opaque-referrers(pfe)
F6A511E4	scripts\game\barkdata\1438675.pfe	unknown	-	3552	0	opaque-referrers(pfe)
CF132C41	scripts\game\barkdata\1438680.pfe	unknown	-	2576	0	opaque-referrers(pfe)
07F3A331	scripts\game\barkdata\1438685.pfe	unknown	-	1776	0	opaque-referrers(pfe)
044FFFE4	scripts\game\barkdata\1438690.pfe	unknown	-	2640	0	opaque-referrers(pfe)
737FD571	scripts\game\barkdata\1438800.pfe	unknown	-	18288	0	opaque-referrers(pfe)
BB9F5A01	scripts\game\barkdata\1438805.pfe	unknown	-	12624	0	opaque-referrers(pfe)
B82306D4	scripts\game\barkdata\1438810.pfe	unknown	-	4928	0	opaque-referrers(pfe)
70C389A4	scripts\game\barkdata\1438815.pfe	unknown	-	12992	0	opaque-referrers(pfe)
3EB7747A	scripts\game\barkdata\1438820.pfe	unknown	-	5008	0	opaque-referrers(pfe)
6E7AE5C9	scripts\game\barkdata\1438870.pfe	unknown	-	15952	0	opaque-referrers(pfe)
A69A6AB9	scripts\game\barkdata\1438875.pfe	unknown	-	7120	0	opaque-referrers(pfe)
D6B48210	scripts\game\barkdata\1438915.pfe	unknown	-	36400	0	opaque-referrers(pfe)
539CAC6B	scripts\game\barkdata\1438930.pfe	unknown	-	33936	0	opaque-referrers(pfe)
4E999CD3	scripts\game\barkdata\1438940.pfe	unknown	-	35152	0	opaque-referrers(pfe)
867913A3	scripts\game\barkdata\1438945.pfe	unknown	-	39824	0	opaque-referrers(pfe)
4D25C006	scripts\game\barkdata\1438955.pfe	unknown	-	27552	0	opaque-referrers(pfe)
03513DD8	scripts\game\barkdata\1438960.pfe	unknown	-	9216	0	opaque-referrers(pfe)
CBB1B2A8	scripts\game\barkdata\1438965.pfe	unknown	-	33184	0	opaque-referrers(pfe)
8C3A9B88	scripts\game\barkdata\1439000.pfe	unknown	-	11040	0	opaque-referrers(pfe)
CE403569	scripts\game\barkdata\1439275.pfe	unknown	-	2864	0	opaque-referrers(pfe)
F3A67CCB	scripts\game\barkdata\1439335.pfe	unknown	-	16096	0	opaque-referrers(pfe)
2643C303	scripts\game\barkdata\1439340.pfe	unknown	-	11552	0	opaque-referrers(pfe)
B3296C3E	scripts\game\barkdata\1439410.pfe	unknown	-	2880	0	opaque-referrers(pfe)
7BC9E34E	scripts\game\barkdata\1439415.pfe	unknown	-	3104	0	opaque-referrers(pfe)
35BD1E90	scripts\game\barkdata\1439420.pfe	unknown	-	2624	0	opaque-referrers(pfe)
FD5D91E0	scripts\game\barkdata\1439425.pfe	unknown	-	3056	0	opaque-referrers(pfe)
FEE1CD35	scripts\game\barkdata\1439430.pfe	unknown	-	3312	0	opaque-referrers(pfe)
36014245	scripts\game\barkdata\1439435.pfe	unknown	-	1696	0	opaque-referrers(pfe)
E3E4FD8D	scripts\game\barkdata\1439440.pfe	unknown	-	2416	0	opaque-referrers(pfe)
2B0472FD	scripts\game\barkdata\1439445.pfe	unknown	-	2480	0	opaque-referrers(pfe)
28B82E28	scripts\game\barkdata\1439450.pfe	unknown	-	3168	0	opaque-referrers(pfe)
E058A158	scripts\game\barkdata\1439455.pfe	unknown	-	2720	0	opaque-referrers(pfe)
AE2C5C86	scripts\game\barkdata\1439460.pfe	unknown	-	2224	0	opaque-referrers(pfe)
66CCD3F6	scripts\game\barkdata\1439465.pfe	unknown	-	2320	0	opaque-referrers(pfe)
65708F23	scripts\game\barkdata\1439470.pfe	unknown	-	2368	0	opaque-referrers(pfe)
AD900053	scripts\game\barkdata\1439475.pfe	unknown	-	1584	0	opaque-referrers(pfe)
94263DF6	scripts\game\barkdata\1439480.pfe	unknown	-	3056	0	opaque-referrers(pfe)
5CC6B286	scripts\game\barkdata\1439485.pfe	unknown	-	2576	0	opaque-referrers(pfe)
5F7AEE53	scripts\game\barkdata\1439490.pfe	unknown	-	2176	0	opaque-referrers(pfe)
979A6123	scripts\game\barkdata\1439495.pfe	unknown	-	1184	0	opaque-referrers(pfe)
DDBEE8FA	scripts\game\barkdata\1439515.pfe	unknown	-	3120	0	opaque-referrers(pfe)
6AC280C9	scripts\game\barkdata\1439625.pfe	unknown	-	15840	0	opaque-referrers(pfe)
F1A12831	scripts\game\barkdata\1439835.pfe	unknown	-	12512	0	opaque-referrers(pfe)
244497F9	scripts\game\barkdata\1439840.pfe	unknown	-	5248	0	opaque-referrers(pfe)
ECA41889	scripts\game\barkdata\1439845.pfe	unknown	-	11312	0	opaque-referrers(pfe)
EF18445C	scripts\game\barkdata\1439850.pfe	unknown	-	5344	0	opaque-referrers(pfe)
9F36ACF5	scripts\game\barkdata\1439930.pfe	unknown	-	24304	0	opaque-referrers(pfe)
4AD3133D	scripts\game\barkdata\1439945.pfe	unknown	-	21344	0	opaque-referrers(pfe)
496F4FE8	scripts\game\barkdata\1439950.pfe	unknown	-	20176	0	opaque-referrers(pfe)
33AF1C88	scripts\game\barkdata\1439952.pfe	unknown	-	1184	0	opaque-referrers(pfe)
818FC098	scripts\game\barkdata\1439955.pfe	unknown	-	5344	0	opaque-referrers(pfe)
CFFB3D46	scripts\game\barkdata\1439960.pfe	unknown	-	32224	0	opaque-referrers(pfe)
04A7EEE3	scripts\game\barkdata\1439970.pfe	unknown	-	24240	0	opaque-referrers(pfe)
F5F15C36	scripts\game\barkdata\1439980.pfe	unknown	-	11504	0	opaque-referrers(pfe)
3D11D346	scripts\game\barkdata\1439985.pfe	unknown	-	28656	0	opaque-referrers(pfe)
F4A8B1BF	scripts\game\barkdata\1440015.pfe	unknown	-	11056	0	opaque-referrers(pfe)
BADC4C61	scripts\game\barkdata\1440020.pfe	unknown	-	4208	0	opaque-referrers(pfe)
723CC311	scripts\game\barkdata\1440025.pfe	unknown	-	15632	0	opaque-referrers(pfe)
B96010B4	scripts\game\barkdata\1440035.pfe	unknown	-	11840	0	opaque-referrers(pfe)
6F39F3A9	scripts\game\barkdata\1440055.pfe	unknown	-	12128	0	opaque-referrers(pfe)
E9AD8107	scripts\game\barkdata\1440065.pfe	unknown	-	9296	0	opaque-referrers(pfe)
5163E6DE	scripts\game\barkdata\1440100.pfe	unknown	-	8800	0	opaque-referrers(pfe)
873A05C3	scripts\game\barkdata\1440160.pfe	unknown	-	9584	0	opaque-referrers(pfe)
75D0EBC3	scripts\game\barkdata\1440185.pfe	unknown	-	9264	0	opaque-referrers(pfe)
7E32902E	scripts\game\barkdata\1440265.pfe	unknown	-	3376	0	opaque-referrers(pfe)
7D8ECCFB	scripts\game\barkdata\1440270.pfe	unknown	-	3344	0	opaque-referrers(pfe)
B56E438B	scripts\game\barkdata\1440275.pfe	unknown	-	3504	0	opaque-referrers(pfe)
958D3A91	scripts\game\barkdata\1440345.pfe	unknown	-	2576	0	opaque-referrers(pfe)
96316644	scripts\game\barkdata\1440350.pfe	unknown	-	3056	0	opaque-referrers(pfe)
5ED1E934	scripts\game\barkdata\1440355.pfe	unknown	-	2240	0	opaque-referrers(pfe)
10A514EA	scripts\game\barkdata\1440360.pfe	unknown	-	2608	0	opaque-referrers(pfe)
D8459B9A	scripts\game\barkdata\1440365.pfe	unknown	-	3984	0	opaque-referrers(pfe)
DBF9C74F	scripts\game\barkdata\1440370.pfe	unknown	-	3888	0	opaque-referrers(pfe)
1319483F	scripts\game\barkdata\1440375.pfe	unknown	-	3808	0	opaque-referrers(pfe)
2AAF759A	scripts\game\barkdata\1440380.pfe	unknown	-	3040	0	opaque-referrers(pfe)
E24FFAEA	scripts\game\barkdata\1440385.pfe	unknown	-	4480	0	opaque-referrers(pfe)
E1F3A63F	scripts\game\barkdata\1440390.pfe	unknown	-	4464	0	opaque-referrers(pfe)
2913294F	scripts\game\barkdata\1440395.pfe	unknown	-	3104	0	opaque-referrers(pfe)
035BC979	scripts\game\barkdata\1440400.pfe	unknown	-	3456	0	opaque-referrers(pfe)
CBBB4609	scripts\game\barkdata\1440405.pfe	unknown	-	2976	0	opaque-referrers(pfe)
A52CC2CD	scripts\game\barkdata\1440500.pfe	unknown	-	8048	0	opaque-referrers(pfe)
6DCC4DBD	scripts\game\barkdata\1440505.pfe	unknown	-	7200	0	opaque-referrers(pfe)
6E701168	scripts\game\barkdata\1440510.pfe	unknown	-	7168	0	opaque-referrers(pfe)
A6909E18	scripts\game\barkdata\1440515.pfe	unknown	-	7248	0	opaque-referrers(pfe)
6A3A9E86	scripts\game\barkdata\1441515.pfe	unknown	-	8112	0	opaque-referrers(pfe)
244E6358	scripts\game\barkdata\1441520.pfe	unknown	-	8768	0	opaque-referrers(pfe)
ECAEEC28	scripts\game\barkdata\1441525.pfe	unknown	-	7440	0	opaque-referrers(pfe)
EF12B0FD	scripts\game\barkdata\1441530.pfe	unknown	-	8144	0	opaque-referrers(pfe)
FCA93F1B	scripts\game\barkdata\1442195.pfe	unknown	-	5536	0	opaque-referrers(pfe)
52801397	scripts\game\barkdata\1442360.pfe	unknown	-	22688	0	opaque-referrers(pfe)
70E2BF45	scripts\game\barkdata\1444015.pfe	unknown	-	22112	0	opaque-referrers(pfe)
86582542	scripts\game\barkdata\1444145.pfe	unknown	-	18288	0	opaque-referrers(pfe)
88A3C869	scripts\game\barkdata\1444655.pfe	unknown	-	18208	0	opaque-referrers(pfe)
C6D735B7	scripts\game\barkdata\1444660.pfe	unknown	-	21248	0	opaque-referrers(pfe)
5AAA5F73	scripts\game\barkdata\1444780.pfe	unknown	-	11696	0	opaque-referrers(pfe)
E1C29F96	scripts\game\barkdata\1445740.pfe	unknown	-	4752	0	opaque-referrers(pfe)
505E6FC3	scripts\game\barkdata\1446350.pfe	unknown	-	6464	0	opaque-referrers(pfe)
46A3DF7F	scripts\game\barkdata\1447170.pfe	unknown	-	1488	0	opaque-referrers(pfe)
EFAD257A	scripts\game\barkdata\1448010.pfe	unknown	-	4528	0	opaque-referrers(pfe)
67C2BAFF	scripts\game\barkdata\1448730.pfe	unknown	-	1776	0	opaque-referrers(pfe)
AF22358F	scripts\game\barkdata\1448735.pfe	unknown	-	2160	0	opaque-referrers(pfe)
7AC78A47	scripts\game\barkdata\1448740.pfe	unknown	-	2272	0	opaque-referrers(pfe)
B2270537	scripts\game\barkdata\1448745.pfe	unknown	-	2064	0	opaque-referrers(pfe)
37FDC1A2	scripts\game\barkdata\1448930.pfe	unknown	-	1616	0	opaque-referrers(pfe)
FF1D4ED2	scripts\game\barkdata\1448935.pfe	unknown	-	1744	0	opaque-referrers(pfe)
98751EE8	scripts\game\barkdata\1449160.pfe	unknown	-	2160	0	opaque-referrers(pfe)
2CB52A0E	scripts\game\barkdata\1449245.pfe	unknown	-	2464	0	opaque-referrers(pfe)
617D8B05	scripts\game\barkdata\1449265.pfe	unknown	-	2112	0	opaque-referrers(pfe)
B257D68E	scripts\game\barkdata\1450500.pfe	unknown	-	9296	0	opaque-referrers(pfe)
4E5C2E4C	scripts\game\barkdata\1451345.pfe	unknown	-	8960	0	opaque-referrers(pfe)
D1D84A28	scripts\game\barkdata\1452175.pfe	unknown	-	7552	0	opaque-referrers(pfe)
86E308A0	scripts\game\barkdata\1453135.pfe	unknown	-	3216	0	opaque-referrers(pfe)
6799AB06	scripts\game\barkdata\1454015.pfe	unknown	-	3600	0	opaque-referrers(pfe)
29ED56D8	scripts\game\barkdata\1454020.pfe	unknown	-	3680	0	opaque-referrers(pfe)
D2E297CF	scripts\game\barkdata\1454825.pfe	unknown	-	2192	0	opaque-referrers(pfe)
2F526722	scripts\game\barkdata\1455575.pfe	unknown	-	23584	0	opaque-referrers(pfe)
DE04D5F7	scripts\game\barkdata\1455585.pfe	unknown	-	5360	0	opaque-referrers(pfe)
4501C026	scripts\game\barkdata\1458585.pfe	unknown	-	10064	0	opaque-referrers(pfe)
9C6EB836	scripts\game\barkdata\1461265.pfe	unknown	-	3424	0	opaque-referrers(pfe)
112988DC	scripts\game\barkdata\1464565.pfe	unknown	-	4736	0	opaque-referrers(pfe)
82B5D117	scripts\game\barkdata\1472940.pfe	unknown	-	5168	0	opaque-referrers(pfe)
B62FCEA2	scripts\game\barkdata\1485095.pfe	unknown	-	7600	0	opaque-referrers(pfe)
1806E22E	scripts\game\barkdata\1485260.pfe	unknown	-	13136	0	opaque-referrers(pfe)
699302A8	scripts\game\barkdata\1485815.pfe	unknown	-	2736	0	opaque-referrers(pfe)
2E337878	scripts\game\barkdata\1485816.pfe	unknown	-	2928	0	opaque-referrers(pfe)
135351C8	scripts\game\barkdata\1485817.pfe	unknown	-	1264	0	opaque-referrers(pfe)
49707BB2	scripts\game\barkdata\1485925.pfe	unknown	-	8672	0	opaque-referrers(pfe)
416B0EFF	scripts\game\barkdata\1486915.pfe	unknown	-	18768	0	opaque-referrers(pfe)
9F84DBDD	scripts\game\barkdata\1487560.pfe	unknown	-	14000	0	opaque-referrers(pfe)
3A8472E7	scripts\game\barkdata\1488640.pfe	unknown	-	4208	0	opaque-referrers(pfe)
C93D85CF	scripts\game\barkdata\1489250.pfe	unknown	-	3648	0	opaque-referrers(pfe)
1B5E3A85	scripts\game\barkdata\1490070.pfe	unknown	-	4064	0	opaque-referrers(pfe)
589F9C4B	scripts\game\barkdata\1490910.pfe	unknown	-	3024	0	opaque-referrers(pfe)
2FB54D37	scripts\game\barkdata\1491630.pfe	unknown	-	6864	0	opaque-referrers(pfe)
E755C247	scripts\game\barkdata\1491635.pfe	unknown	-	6288	0	opaque-referrers(pfe)
32B07D8F	scripts\game\barkdata\1491640.pfe	unknown	-	6368	0	opaque-referrers(pfe)
FA50F2FF	scripts\game\barkdata\1491645.pfe	unknown	-	6176	0	opaque-referrers(pfe)
7F8A366A	scripts\game\barkdata\1491830.pfe	unknown	-	7328	0	opaque-referrers(pfe)
B76AB91A	scripts\game\barkdata\1491835.pfe	unknown	-	7408	0	opaque-referrers(pfe)
B178CB92	scripts\game\barkdata\1492145.pfe	unknown	-	9440	0	opaque-referrers(pfe)
B2C49747	scripts\game\barkdata\1492150.pfe	unknown	-	6944	0	opaque-referrers(pfe)
7C9B29CD	scripts\game\barkdata\1493400.pfe	unknown	-	2544	0	opaque-referrers(pfe)
9B5EBB91	scripts\game\barkdata\1495075.pfe	unknown	-	5328	0	opaque-referrers(pfe)
8E40FE64	scripts\game\barkdata\1496035.pfe	unknown	-	3184	0	opaque-referrers(pfe)
56101ABC	scripts\game\barkdata\1496915.pfe	unknown	-	2928	0	opaque-referrers(pfe)
1864E762	scripts\game\barkdata\1496920.pfe	unknown	-	5696	0	opaque-referrers(pfe)
4C1113D1	scripts\game\barkdata\1497725.pfe	unknown	-	992	0	opaque-referrers(pfe)
F4148A53	scripts\game\barkdata\1498475.pfe	unknown	-	17312	0	opaque-referrers(pfe)
05423886	scripts\game\barkdata\1498485.pfe	unknown	-	9328	0	opaque-referrers(pfe)
54DCB01D	scripts\game\barkdata\1499020.pfe	unknown	-	2672	0	opaque-referrers(pfe)
69BC99AD	scripts\game\barkdata\1499021.pfe	unknown	-	2992	0	opaque-referrers(pfe)
2E1CE37D	scripts\game\barkdata\1499022.pfe	unknown	-	1264	0	opaque-referrers(pfe)
2B40575E	scripts\game\barkdata\1499315.pfe	unknown	-	12768	0	opaque-referrers(pfe)
2EF1972F	scripts\game\barkdata\1503630.pfe	unknown	-	5568	0	opaque-referrers(pfe)
79BEBE7B	scripts\game\barkdata\1504165.pfe	unknown	-	2560	0	opaque-referrers(pfe)
76164A78	scripts\game\barkdata\1505280.pfe	unknown	-	6768	0	opaque-referrers(pfe)
9059E9A2	scripts\game\barkdata\1506930.pfe	unknown	-	5632	0	opaque-referrers(pfe)
A509963F	scripts\game\barkdata\1507465.pfe	unknown	-	4448	0	opaque-referrers(pfe)
66DA6710	scripts\game\barkdata\1509405.pfe	unknown	-	6480	0	opaque-referrers(pfe)
434AA09C	scripts\game\barkdata\1510230.pfe	unknown	-	6240	0	opaque-referrers(pfe)
1D237598	scripts\game\barkdata\1512705.pfe	unknown	-	6784	0	opaque-referrers(pfe)
B2DFC10E	scripts\game\barkdata\1515840.pfe	unknown	-	7072	0	opaque-referrers(pfe)
1B7E6DAC	scripts\game\barkdata\1527995.pfe	unknown	-	10560	0	opaque-referrers(pfe)
C8070CC2	scripts\game\barkdata\1528160.pfe	unknown	-	16176	0	opaque-referrers(pfe)
7E328630	scripts\game\barkdata\1528715.pfe	unknown	-	2080	0	opaque-referrers(pfe)
3992FCE0	scripts\game\barkdata\1528716.pfe	unknown	-	2192	0	opaque-referrers(pfe)
04F2D550	scripts\game\barkdata\1528717.pfe	unknown	-	1776	0	opaque-referrers(pfe)
0EEE8477	scripts\game\barkdata\1528825.pfe	unknown	-	8032	0	opaque-referrers(pfe)
44D0F647	scripts\game\barkdata\1529815.pfe	unknown	-	12688	0	opaque-referrers(pfe)
5EA12C93	scripts\game\barkdata\1530460.pfe	unknown	-	16336	0	opaque-referrers(pfe)
79B486B2	scripts\game\barkdata\1531540.pfe	unknown	-	4464	0	opaque-referrers(pfe)
C82876E7	scripts\game\barkdata\1532150.pfe	unknown	-	2512	0	opaque-referrers(pfe)
B60F998B	scripts\game\barkdata\1532970.pfe	unknown	-	6096	0	opaque-referrers(pfe)
0A8B71BC	scripts\game\barkdata\1533810.pfe	unknown	-	2752	0	opaque-referrers(pfe)
2C51B86E	scripts\game\barkdata\1534530.pfe	unknown	-	7232	0	opaque-referrers(pfe)
E4B1371E	scripts\game\barkdata\1534535.pfe	unknown	-	7504	0	opaque-referrers(pfe)
315488D6	scripts\game\barkdata\1534540.pfe	unknown	-	7040	0	opaque-referrers(pfe)
F9B407A6	scripts\game\barkdata\1534545.pfe	unknown	-	6592	0	opaque-referrers(pfe)
BBCEA947	scripts\game\barkdata\1534730.pfe	unknown	-	7568	0	opaque-referrers(pfe)
732E2637	scripts\game\barkdata\1534735.pfe	unknown	-	7792	0	opaque-referrers(pfe)
6726289F	scripts\game\barkdata\1535045.pfe	unknown	-	8576	0	opaque-referrers(pfe)
649A744A	scripts\game\barkdata\1535050.pfe	unknown	-	8464	0	opaque-referrers(pfe)
8B30F887	scripts\game\barkdata\1536300.pfe	unknown	-	3440	0	opaque-referrers(pfe)
360F189F	scripts\game\barkdata\1537975.pfe	unknown	-	5824	0	opaque-referrers(pfe)
74BE4825	scripts\game\barkdata\1538935.pfe	unknown	-	4784	0	opaque-referrers(pfe)
53ABE204	scripts\game\barkdata\1539815.pfe	unknown	-	3040	0	opaque-referrers(pfe)
1DDF1FDA	scripts\game\barkdata\1539820.pfe	unknown	-	5952	0	opaque-referrers(pfe)
FE2E9D15	scripts\game\barkdata\1540625.pfe	unknown	-	896	0	opaque-referrers(pfe)
3071239F	scripts\game\barkdata\1541375.pfe	unknown	-	5856	0	opaque-referrers(pfe)
C127914A	scripts\game\barkdata\1541385.pfe	unknown	-	3648	0	opaque-referrers(pfe)
0C2C6212	scripts\game\barkdata\1541920.pfe	unknown	-	2080	0	opaque-referrers(pfe)
314C4BA2	scripts\game\barkdata\1541921.pfe	unknown	-	2208	0	opaque-referrers(pfe)
76EC3172	scripts\game\barkdata\1541922.pfe	unknown	-	1760	0	opaque-referrers(pfe)
CED0CCD5	scripts\game\barkdata\1542215.pfe	unknown	-	3696	0	opaque-referrers(pfe)
68D3ACBD	scripts\game\barkdata\1544400.pfe	unknown	-	4848	0	opaque-referrers(pfe)
55B3850D	scripts\game\barkdata\1544401.pfe	unknown	-	7072	0	opaque-referrers(pfe)
1213FFDD	scripts\game\barkdata\1544402.pfe	unknown	-	5680	0	opaque-referrers(pfe)
DA45133A	scripts\game\barkdata\1687950.pfe	unknown	-	9824	0	opaque-referrers(pfe)
E7253A8A	scripts\game\barkdata\1687951.pfe	unknown	-	6560	0	opaque-referrers(pfe)
A085405A	scripts\game\barkdata\1687952.pfe	unknown	-	4128	0	opaque-referrers(pfe)
D67254B0	scripts\game\barkdata\1688775.pfe	unknown	-	9520	0	opaque-referrers(pfe)
91D22E60	scripts\game\barkdata\1688776.pfe	unknown	-	7136	0	opaque-referrers(pfe)
ACB207D0	scripts\game\barkdata\1688777.pfe	unknown	-	3872	0	opaque-referrers(pfe)
694AE052	scripts\game\barkdata\1689600.pfe	unknown	-	9840	0	opaque-referrers(pfe)
542AC9E2	scripts\game\barkdata\1689601.pfe	unknown	-	7168	0	opaque-referrers(pfe)
138AB332	scripts\game\barkdata\1689602.pfe	unknown	-	3600	0	opaque-referrers(pfe)
73C9D068	scripts\game\barkdata\1690425.pfe	unknown	-	9872	0	opaque-referrers(pfe)
3469AAB8	scripts\game\barkdata\1690426.pfe	unknown	-	6864	0	opaque-referrers(pfe)
09098308	scripts\game\barkdata\1690427.pfe	unknown	-	3504	0	opaque-referrers(pfe)
09565A04	scripts\game\barkdata\1691250.pfe	unknown	-	10256	0	opaque-referrers(pfe)
343673B4	scripts\game\barkdata\1691251.pfe	unknown	-	6544	0	opaque-referrers(pfe)
73960964	scripts\game\barkdata\1691252.pfe	unknown	-	3680	0	opaque-referrers(pfe)
956E62B5	scripts\game\barkdata\1692075.pfe	unknown	-	9888	0	opaque-referrers(pfe)
D2CE1865	scripts\game\barkdata\1692076.pfe	unknown	-	6736	0	opaque-referrers(pfe)
EFAE31D5	scripts\game\barkdata\1692077.pfe	unknown	-	3920	0	opaque-referrers(pfe)
D51398AE	scripts\game\barkdata\1692900.pfe	unknown	-	10272	0	opaque-referrers(pfe)
E873B11E	scripts\game\barkdata\1692901.pfe	unknown	-	7376	0	opaque-referrers(pfe)
AFD3CBCE	scripts\game\barkdata\1692902.pfe	unknown	-	3920	0	opaque-referrers(pfe)
CCAECD16	scripts\game\barkdata\1693725.pfe	unknown	-	9584	0	opaque-referrers(pfe)
8B0EB7C6	scripts\game\barkdata\1693726.pfe	unknown	-	6912	0	opaque-referrers(pfe)
B66E9E76	scripts\game\barkdata\1693727.pfe	unknown	-	3872	0	opaque-referrers(pfe)
84116AEE	scripts\game\barkdata\1694550.pfe	unknown	-	10544	0	opaque-referrers(pfe)
B971435E	scripts\game\barkdata\1694551.pfe	unknown	-	8096	0	opaque-referrers(pfe)
FED1398E	scripts\game\barkdata\1694552.pfe	unknown	-	3392	0	opaque-referrers(pfe)
AE437131	scripts\game\barkdata\1695375.pfe	unknown	-	10832	0	opaque-referrers(pfe)
E9E30BE1	scripts\game\barkdata\1695376.pfe	unknown	-	7232	0	opaque-referrers(pfe)
D4832251	scripts\game\barkdata\1695377.pfe	unknown	-	4016	0	opaque-referrers(pfe)
535EC2AE	scripts\game\barkdata\1696200.pfe	unknown	-	11040	0	opaque-referrers(pfe)
6E3EEB1E	scripts\game\barkdata\1696201.pfe	unknown	-	7888	0	opaque-referrers(pfe)
299E91CE	scripts\game\barkdata\1696202.pfe	unknown	-	4000	0	opaque-referrers(pfe)
8D43FD62	scripts\game\barkdata\1697025.pfe	unknown	-	9968	0	opaque-referrers(pfe)
CAE387B2	scripts\game\barkdata\1697026.pfe	unknown	-	6944	0	opaque-referrers(pfe)
F783AE02	scripts\game\barkdata\1697027.pfe	unknown	-	3888	0	opaque-referrers(pfe)
52CDE5A5	scripts\game\barkdata\1816650.pfe	unknown	-	800	0	opaque-referrers(pfe)
6FADCC15	scripts\game\barkdata\1816651.pfe	unknown	-	560	0	opaque-referrers(pfe)
280DB6C5	scripts\game\barkdata\1816652.pfe	unknown	-	752	0	opaque-referrers(pfe)
8CD0DA69	scripts\game\barkdata\1817475.pfe	unknown	-	768	0	opaque-referrers(pfe)
CB70A0B9	scripts\game\barkdata\1817476.pfe	unknown	-	560	0	opaque-referrers(pfe)
F6108909	scripts\game\barkdata\1817477.pfe	unknown	-	688	0	opaque-referrers(pfe)
45B24983	scripts\game\barkdata\1818300.pfe	unknown	-	752	0	opaque-referrers(pfe)
78D26033	scripts\game\barkdata\1818301.pfe	unknown	-	624	0	opaque-referrers(pfe)
3F721AE3	scripts\game\barkdata\1818302.pfe	unknown	-	976	0	opaque-referrers(pfe)
9BAF764F	scripts\game\barkdata\1819125.pfe	unknown	-	784	0	opaque-referrers(pfe)
DC0F0C9F	scripts\game\barkdata\1819126.pfe	unknown	-	560	0	opaque-referrers(pfe)
E16F252F	scripts\game\barkdata\1819127.pfe	unknown	-	816	0	opaque-referrers(pfe)
7DA587E0	scripts\game\barkdata\1819950.pfe	unknown	-	816	0	opaque-referrers(pfe)
40C5AE50	scripts\game\barkdata\1819951.pfe	unknown	-	560	0	opaque-referrers(pfe)
0765D480	scripts\game\barkdata\1819952.pfe	unknown	-	992	0	opaque-referrers(pfe)
8E70F528	scripts\game\barkdata\1820775.pfe	unknown	-	736	0	opaque-referrers(pfe)
C9D08FF8	scripts\game\barkdata\1820776.pfe	unknown	-	560	0	opaque-referrers(pfe)
F4B0A648	scripts\game\barkdata\1820777.pfe	unknown	-	1040	0	opaque-referrers(pfe)
314841CA	scripts\game\barkdata\1821600.pfe	unknown	-	832	0	opaque-referrers(pfe)
0C28687A	scripts\game\barkdata\1821601.pfe	unknown	-	608	0	opaque-referrers(pfe)
4B8812AA	scripts\game\barkdata\1821602.pfe	unknown	-	1008	0	opaque-referrers(pfe)
AD70797B	scripts\game\barkdata\1822425.pfe	unknown	-	832	0	opaque-referrers(pfe)
EAD003AB	scripts\game\barkdata\1822426.pfe	unknown	-	768	0	opaque-referrers(pfe)
D7B02A1B	scripts\game\barkdata\1822427.pfe	unknown	-	976	0	opaque-referrers(pfe)
D7EFF317	scripts\game\barkdata\1823250.pfe	unknown	-	784	0	opaque-referrers(pfe)
EA8FDAA7	scripts\game\barkdata\1823251.pfe	unknown	-	880	0	opaque-referrers(pfe)
AD2FA077	scripts\game\barkdata\1823252.pfe	unknown	-	960	0	opaque-referrers(pfe)
CF9DC55C	scripts\game\barkdata\1824075.pfe	unknown	-	816	0	opaque-referrers(pfe)
883DBF8C	scripts\game\barkdata\1824076.pfe	unknown	-	720	0	opaque-referrers(pfe)
B55D963C	scripts\game\barkdata\1824077.pfe	unknown	-	688	0	opaque-referrers(pfe)
8FE03F47	scripts\game\barkdata\1824900.pfe	unknown	-	768	0	opaque-referrers(pfe)
B28016F7	scripts\game\barkdata\1824901.pfe	unknown	-	960	0	opaque-referrers(pfe)
F5206C27	scripts\game\barkdata\1824902.pfe	unknown	-	768	0	opaque-referrers(pfe)
965D6AFF	scripts\game\barkdata\1825725.pfe	unknown	-	736	0	opaque-referrers(pfe)
D1FD102F	scripts\game\barkdata\1825726.pfe	unknown	-	736	0	opaque-referrers(pfe)
EC9D399F	scripts\game\barkdata\1825727.pfe	unknown	-	688	0	opaque-referrers(pfe)
158E4C2D	scripts\game\barkdata\2.pfe	unknown	-	73728	0	opaque-referrers(pfe)
F9228E77	scripts\game\barkdata\272250.pfe	unknown	-	23936	0	opaque-referrers(pfe)
273FB1BB	scripts\game\barkdata\273075.pfe	unknown	-	22112	0	opaque-referrers(pfe)
67424BA0	scripts\game\barkdata\273900.pfe	unknown	-	7744	0	opaque-referrers(pfe)
5A226210	scripts\game\barkdata\273901.pfe	unknown	-	7360	0	opaque-referrers(pfe)
1D8218C0	scripts\game\barkdata\273902.pfe	unknown	-	7296	0	opaque-referrers(pfe)
B890179F	scripts\game\barkdata\274725.pfe	unknown	-	24272	0	opaque-referrers(pfe)
3640B9E0	scripts\game\barkdata\275550.pfe	unknown	-	22384	0	opaque-referrers(pfe)
5E37A542	scripts\game\barkdata\276375.pfe	unknown	-	21712	0	opaque-referrers(pfe)
E10F11A0	scripts\game\barkdata\277200.pfe	unknown	-	21216	0	opaque-referrers(pfe)
2A983C5E	scripts\game\barkdata\278025.pfe	unknown	-	17152	0	opaque-referrers(pfe)
CC92CDF1	scripts\game\barkdata\278850.pfe	unknown	-	22768	0	opaque-referrers(pfe)
D52F9849	scripts\game\barkdata\279675.pfe	unknown	-	22288	0	opaque-referrers(pfe)
F1D4E9E6	scripts\game\barkdata\280500.pfe	unknown	-	7184	0	opaque-referrers(pfe)
CCB4C056	scripts\game\barkdata\280501.pfe	unknown	-	6448	0	opaque-referrers(pfe)
8B14BA86	scripts\game\barkdata\280502.pfe	unknown	-	6832	0	opaque-referrers(pfe)
DB86F239	scripts\game\barkdata\281325.pfe	unknown	-	24192	0	opaque-referrers(pfe)
D07FC07E	scripts\game\barkdata\400950.pfe	unknown	-	35392	0	opaque-referrers(pfe)
ED1FE9CE	scripts\game\barkdata\400951.pfe	unknown	-	1264	0	opaque-referrers(pfe)
AABF931E	scripts\game\barkdata\400952.pfe	unknown	-	1168	0	opaque-referrers(pfe)
C9C295C6	scripts\game\barkdata\401775.pfe	unknown	-	34448	0	opaque-referrers(pfe)
8E62EF16	scripts\game\barkdata\401776.pfe	unknown	-	912	0	opaque-referrers(pfe)
B302C6A6	scripts\game\barkdata\401777.pfe	unknown	-	1072	0	opaque-referrers(pfe)
34DF2659	scripts\game\barkdata\402600.pfe	unknown	-	33760	0	opaque-referrers(pfe)
09BF0FE9	scripts\game\barkdata\402601.pfe	unknown	-	1632	0	opaque-referrers(pfe)
4E1F7539	scripts\game\barkdata\402602.pfe	unknown	-	1440	0	opaque-referrers(pfe)
EAC21995	scripts\game\barkdata\403425.pfe	unknown	-	32480	0	opaque-referrers(pfe)
AD626345	scripts\game\barkdata\403426.pfe	unknown	-	992	0	opaque-referrers(pfe)
90024AF5	scripts\game\barkdata\403427.pfe	unknown	-	1040	0	opaque-referrers(pfe)
56329A7E	scripts\game\barkdata\404250.pfe	unknown	-	32880	0	opaque-referrers(pfe)
6B52B3CE	scripts\game\barkdata\404251.pfe	unknown	-	1840	0	opaque-referrers(pfe)
2CF2C91E	scripts\game\barkdata\404252.pfe	unknown	-	1488	0	opaque-referrers(pfe)
882FA5B2	scripts\game\barkdata\405075.pfe	unknown	-	33760	0	opaque-referrers(pfe)
CF8FDF62	scripts\game\barkdata\405076.pfe	unknown	-	1072	0	opaque-referrers(pfe)
F2EFF6D2	scripts\game\barkdata\405077.pfe	unknown	-	1264	0	opaque-referrers(pfe)
C8525FA9	scripts\game\barkdata\405900.pfe	unknown	-	30560	0	opaque-referrers(pfe)
F5327619	scripts\game\barkdata\405901.pfe	unknown	-	1136	0	opaque-referrers(pfe)
B2920CC9	scripts\game\barkdata\405902.pfe	unknown	-	1296	0	opaque-referrers(pfe)
93CA0D6C	scripts\game\barkdata\406725.pfe	unknown	-	31136	0	opaque-referrers(pfe)
D46A77BC	scripts\game\barkdata\406726.pfe	unknown	-	1120	0	opaque-referrers(pfe)
E90A5E0C	scripts\game\barkdata\406727.pfe	unknown	-	1152	0	opaque-referrers(pfe)
1D1AA313	scripts\game\barkdata\407550.pfe	unknown	-	31648	0	opaque-referrers(pfe)
207A8AA3	scripts\game\barkdata\407551.pfe	unknown	-	1408	0	opaque-referrers(pfe)
67DAF073	scripts\game\barkdata\407552.pfe	unknown	-	1264	0	opaque-referrers(pfe)
22C2AAFE	scripts\game\barkdata\408375.pfe	unknown	-	28032	0	opaque-referrers(pfe)
6562D02E	scripts\game\barkdata\408376.pfe	unknown	-	896	0	opaque-referrers(pfe)
5802F99E	scripts\game\barkdata\408377.pfe	unknown	-	1072	0	opaque-referrers(pfe)
9DFA1E1C	scripts\game\barkdata\409200.pfe	unknown	-	30096	0	opaque-referrers(pfe)
A09A37AC	scripts\game\barkdata\409201.pfe	unknown	-	1136	0	opaque-referrers(pfe)
E73A4D7C	scripts\game\barkdata\409202.pfe	unknown	-	1312	0	opaque-referrers(pfe)
87792E26	scripts\game\barkdata\410025.pfe	unknown	-	31632	0	opaque-referrers(pfe)
C0D954F6	scripts\game\barkdata\410026.pfe	unknown	-	976	0	opaque-referrers(pfe)
FDB97D46	scripts\game\barkdata\410027.pfe	unknown	-	1056	0	opaque-referrers(pfe)
7B9BA2CB	scripts\game\barkdata\42900.pfe	unknown	-	34368	0	opaque-referrers(pfe)
46FB8B7B	scripts\game\barkdata\42901.pfe	unknown	-	94688	0	opaque-referrers(pfe)
015BF1AB	scripts\game\barkdata\42902.pfe	unknown	-	49744	0	opaque-referrers(pfe)
F84CE804	scripts\game\barkdata\529650.pfe	unknown	-	19328	0	opaque-referrers(pfe)
E2CFD83E	scripts\game\barkdata\530475.pfe	unknown	-	17200	0	opaque-referrers(pfe)
3E2759E6	scripts\game\barkdata\531300.pfe	unknown	-	19600	0	opaque-referrers(pfe)
A21F6157	scripts\game\barkdata\532125.pfe	unknown	-	20480	0	opaque-referrers(pfe)
441590F8	scripts\game\barkdata\532950.pfe	unknown	-	18912	0	opaque-referrers(pfe)
5DA8C540	scripts\game\barkdata\533775.pfe	unknown	-	15744	0	opaque-referrers(pfe)
24FF7825	scripts\game\barkdata\534600.pfe	unknown	-	20304	0	opaque-referrers(pfe)
FAE247E9	scripts\game\barkdata\535425.pfe	unknown	-	22784	0	opaque-referrers(pfe)
C258CAF8	scripts\game\barkdata\536250.pfe	unknown	-	22976	0	opaque-referrers(pfe)
1C45F534	scripts\game\barkdata\537075.pfe	unknown	-	21936	0	opaque-referrers(pfe)
5C380F2F	scripts\game\barkdata\537900.pfe	unknown	-	19808	0	opaque-referrers(pfe)
500F48A5	scripts\game\barkdata\538725.pfe	unknown	-	21616	0	opaque-referrers(pfe)
9084BD6B	scripts\game\barkdata\643500.pfe	unknown	-	69824	0	opaque-referrers(pfe)
ADE494DB	scripts\game\barkdata\643501.pfe	unknown	-	175552	0	opaque-referrers(pfe)
EA44EE0B	scripts\game\barkdata\643502.pfe	unknown	-	44128	0	opaque-referrers(pfe)
D724C7BB	scripts\game\barkdata\643503.pfe	unknown	-	19984	0	opaque-referrers(pfe)
65041BAB	scripts\game\barkdata\643504.pfe	unknown	-	10944	0	opaque-referrers(pfe)
98274BAF	scripts\game\barkdata\686400.pfe	unknown	-	154176	0	opaque-referrers(pfe)
A547621F	scripts\game\barkdata\686401.pfe	unknown	-	296784	0	opaque-referrers(pfe)
E2E718CF	scripts\game\barkdata\686402.pfe	unknown	-	101568	0	opaque-referrers(pfe)
DF87317F	scripts\game\barkdata\686403.pfe	unknown	-	14672	0	opaque-referrers(pfe)
6DA7ED6F	scripts\game\barkdata\686404.pfe	unknown	-	14928	0	opaque-referrers(pfe)
FE4C862D	scripts\game\barkdata\729300.pfe	unknown	-	212768	0	opaque-referrers(pfe)
C32CAF9D	scripts\game\barkdata\729301.pfe	unknown	-	321392	0	opaque-referrers(pfe)
848CD54D	scripts\game\barkdata\729302.pfe	unknown	-	132768	0	opaque-referrers(pfe)
B9ECFCFD	scripts\game\barkdata\729303.pfe	unknown	-	21696	0	opaque-referrers(pfe)
0BCC20ED	scripts\game\barkdata\729304.pfe	unknown	-	31760	0	opaque-referrers(pfe)
4FC6D480	scripts\game\barkdata\772200.pfe	unknown	-	110272	0	opaque-referrers(pfe)
72A6FD30	scripts\game\barkdata\772201.pfe	unknown	-	65920	0	opaque-referrers(pfe)
350687E0	scripts\game\barkdata\772202.pfe	unknown	-	73552	0	opaque-referrers(pfe)
F6FAE503	scripts\game\barkdata\815100.pfe	unknown	-	38384	0	opaque-referrers(pfe)
CB9ACCB3	scripts\game\barkdata\815101.pfe	unknown	-	17152	0	opaque-referrers(pfe)
8C3AB663	scripts\game\barkdata\815102.pfe	unknown	-	23888	0	opaque-referrers(pfe)
311D5372	scripts\game\barkdata\85800.pfe	unknown	-	49600	0	opaque-referrers(pfe)
9664AA6A	scripts\game\barkdata\858000.pfe	unknown	-	36368	0	opaque-referrers(pfe)
AB0483DA	scripts\game\barkdata\858001.pfe	unknown	-	22992	0	opaque-referrers(pfe)
ECA4F90A	scripts\game\barkdata\858002.pfe	unknown	-	25872	0	opaque-referrers(pfe)
0C7D7AC2	scripts\game\barkdata\85801.pfe	unknown	-	103936	0	opaque-referrers(pfe)
4BDD0012	scripts\game\barkdata\85802.pfe	unknown	-	53360	0	opaque-referrers(pfe)
754CDA7D	scripts\game\barkdata\900900.pfe	unknown	-	188880	0	opaque-referrers(pfe)
482CF3CD	scripts\game\barkdata\900901.pfe	unknown	-	4832	0	opaque-referrers(pfe)
00588726	scripts\game\barkdata\943800.pfe	unknown	-	105056	0	opaque-referrers(pfe)
3D38AE96	scripts\game\barkdata\943801.pfe	unknown	-	86272	0	opaque-referrers(pfe)
58C40ABF	scripts\game\barkdata\986700.pfe	unknown	-	82944	0	opaque-referrers(pfe)
65A4230F	scripts\game\barkdata\986701.pfe	unknown	-	76944	0	opaque-referrers(pfe)
7DC7F8E3	scripts\game\barkdata\loc\0.spk	unknown	-	538520	180	opaque-referrers(spk)
40A7D153	scripts\game\barkdata\loc\1.spk	unknown	-	606600	234	opaque-referrers(spk)
ED6BA6C8	scripts\game\barkdata\loc\1029600.spk	unknown	-	816424	306	opaque-referrers(spk)
D00B8F78	scripts\game\barkdata\loc\1029601.spk	unknown	-	1121348	408	opaque-referrers(spk)
97ABF5A8	scripts\game\barkdata\loc\1029602.spk	unknown	-	808808	306	opaque-referrers(spk)
CB7EE54C	scripts\game\barkdata\loc\1072500.spk	unknown	-	90236	33	opaque-referrers(spk)
F61ECCFC	scripts\game\barkdata\loc\1072501.spk	unknown	-	321076	114	opaque-referrers(spk)
B1BEB62C	scripts\game\barkdata\loc\1072502.spk	unknown	-	186664	72	opaque-referrers(spk)
FB14F555	scripts\game\barkdata\loc\1115400.spk	unknown	-	133220	42	opaque-referrers(spk)
C674DCE5	scripts\game\barkdata\loc\1115401.spk	unknown	-	331408	123	opaque-referrers(spk)
81D4A635	scripts\game\barkdata\loc\1115402.spk	unknown	-	119608	48	opaque-referrers(spk)
90F533A3	scripts\game\barkdata\loc\128700.spk	unknown	-	541440	108	opaque-referrers(spk)
0AEADB63	scripts\game\barkdata\loc\1287000.spk	unknown	-	11508	6	opaque-referrers(spk)
378AF2D3	scripts\game\barkdata\loc\1287001.spk	unknown	-	6128	3	opaque-referrers(spk)
F0146D22	scripts\game\barkdata\loc\1329900.spk	unknown	-	1557752	516	opaque-referrers(spk)
CD744492	scripts\game\barkdata\loc\1329901.spk	unknown	-	1168412	333	opaque-referrers(spk)
7CFE163F	scripts\game\barkdata\loc\1372801.spk	unknown	-	1252984	444	opaque-referrers(spk)
4F5AB82A	scripts\game\barkdata\loc\1417375.spk	unknown	-	2536	24	opaque-referrers(spk)
53E480BD	scripts\game\barkdata\loc\1417810.spk	unknown	-	2220	21	opaque-referrers(spk)
1E2C21B6	scripts\game\barkdata\loc\1417830.spk	unknown	-	123544	3	opaque-referrers(spk)
F62FD7DC	scripts\game\barkdata\loc\1417905.spk	unknown	-	1904	18	opaque-referrers(spk)
3D730479	scripts\game\barkdata\loc\1417915.spk	unknown	-	2852	27	opaque-referrers(spk)
7307F9A7	scripts\game\barkdata\loc\1417920.spk	unknown	-	1904	18	opaque-referrers(spk)
A55E1ABA	scripts\game\barkdata\loc\1417940.spk	unknown	-	5380	51	opaque-referrers(spk)
4C2D1AA4	scripts\game\barkdata\loc\1418155.spk	unknown	-	1588	15	opaque-referrers(spk)
5D267923	scripts\game\barkdata\loc\1418365.spk	unknown	-	324	3	opaque-referrers(spk)
F616C369	scripts\game\barkdata\loc\1418560.spk	unknown	-	766840	30	opaque-referrers(spk)
A6C1A933	scripts\game\barkdata\loc\1419480.spk	unknown	-	150124	3	opaque-referrers(spk)
39009F22	scripts\game\barkdata\loc\1419575.spk	unknown	-	2220	21	opaque-referrers(spk)
00B6A287	scripts\game\barkdata\loc\1419580.spk	unknown	-	2220	21	opaque-referrers(spk)
DD0D3A77	scripts\game\barkdata\loc\1419600.spk	unknown	-	40576	2	opaque-referrers(spk)
E06FE732	scripts\game\barkdata\loc\1420295.spk	unknown	-	546844	51	opaque-referrers(spk)
2E2AA251	scripts\game\barkdata\loc\1420675.spk	unknown	-	2220	21	opaque-referrers(spk)
399EF02C	scripts\game\barkdata\loc\1421110.spk	unknown	-	2852	27	opaque-referrers(spk)
74565127	scripts\game\barkdata\loc\1421130.spk	unknown	-	125488	3	opaque-referrers(spk)
0BCAB664	scripts\game\barkdata\loc\1421205.spk	unknown	-	1904	18	opaque-referrers(spk)
C09665C1	scripts\game\barkdata\loc\1421215.spk	unknown	-	3168	30	opaque-referrers(spk)
8EE2981F	scripts\game\barkdata\loc\1421220.spk	unknown	-	1588	15	opaque-referrers(spk)
8D5EC4CA	scripts\game\barkdata\loc\1421235.spk	unknown	-	5380	51	opaque-referrers(spk)
38D712ED	scripts\game\barkdata\loc\1421455.spk	unknown	-	1588	15	opaque-referrers(spk)
29DC716A	scripts\game\barkdata\loc\1421665.spk	unknown	-	640	6	opaque-referrers(spk)
B1038547	scripts\game\barkdata\loc\1421860.spk	unknown	-	716024	36	opaque-referrers(spk)
87B00F93	scripts\game\barkdata\loc\1422755.spk	unknown	-	1272	12	opaque-referrers(spk)
E02AB547	scripts\game\barkdata\loc\1423150.spk	unknown	-	1904	18	opaque-referrers(spk)
601B0DFA	scripts\game\barkdata\loc\1423585.spk	unknown	-	2852	27	opaque-referrers(spk)
BDA0950A	scripts\game\barkdata\loc\1423605.spk	unknown	-	130928	3	opaque-referrers(spk)
99139817	scripts\game\barkdata\loc\1423680.spk	unknown	-	1904	18	opaque-referrers(spk)
524F4BB2	scripts\game\barkdata\loc\1423690.spk	unknown	-	3168	30	opaque-referrers(spk)
9AAFC4C2	scripts\game\barkdata\loc\1423695.spk	unknown	-	2220	21	opaque-referrers(spk)
D33711CE	scripts\game\barkdata\loc\1423700.spk	unknown	-	5696	54	opaque-referrers(spk)
55A36360	scripts\game\barkdata\loc\1423730.spk	unknown	-	438600	10	opaque-referrers(spk)
059C183D	scripts\game\barkdata\loc\1423930.spk	unknown	-	1588	15	opaque-referrers(spk)
56EDD55B	scripts\game\barkdata\loc\1423975.spk	unknown	-	2220	21	opaque-referrers(spk)
2346D1EF	scripts\game\barkdata\loc\1424410.spk	unknown	-	2852	27	opaque-referrers(spk)
6E8E70E4	scripts\game\barkdata\loc\1424430.spk	unknown	-	125672	3	opaque-referrers(spk)
868D868E	scripts\game\barkdata\loc\1424505.spk	unknown	-	1904	18	opaque-referrers(spk)
4DD1552B	scripts\game\barkdata\loc\1424515.spk	unknown	-	4116	39	opaque-referrers(spk)
03A5A8F5	scripts\game\barkdata\loc\1424520.spk	unknown	-	1588	15	opaque-referrers(spk)
C8F97B50	scripts\game\barkdata\loc\1424530.spk	unknown	-	6328	60	opaque-referrers(spk)
41DF0614	scripts\game\barkdata\loc\1424755.spk	unknown	-	1588	15	opaque-referrers(spk)
C3E9EA53	scripts\game\barkdata\loc\1424880.spk	unknown	-	1272	12	opaque-referrers(spk)
0B096523	scripts\game\barkdata\loc\1424885.spk	unknown	-	1588	15	opaque-referrers(spk)
94C85332	scripts\game\barkdata\loc\1424970.spk	unknown	-	107824	56	opaque-referrers(spk)
CDFA167F	scripts\game\barkdata\loc\1425070.spk	unknown	-	1904	18	opaque-referrers(spk)
051A990F	scripts\game\barkdata\loc\1425075.spk	unknown	-	1588	15	opaque-referrers(spk)
0EBDB097	scripts\game\barkdata\loc\1426050.spk	unknown	-	1272	12	opaque-referrers(spk)
0308EB87	scripts\game\barkdata\loc\1426905.spk	unknown	-	85664	3	opaque-referrers(spk)
5986F21F	scripts\game\barkdata\loc\1427010.spk	unknown	-	1904	18	opaque-referrers(spk)
91667D6F	scripts\game\barkdata\loc\1427015.spk	unknown	-	1904	18	opaque-referrers(spk)
17F20FC1	scripts\game\barkdata\loc\1427025.spk	unknown	-	51816	2	opaque-referrers(spk)
1EE5CA38	scripts\game\barkdata\loc\1427695.spk	unknown	-	4116	39	opaque-referrers(spk)
8D9182F4	scripts\game\barkdata\loc\1430550.spk	unknown	-	5696	54	opaque-referrers(spk)
9C9AE173	scripts\game\barkdata\loc\1430760.spk	unknown	-	2852	27	opaque-referrers(spk)
547A6E03	scripts\game\barkdata\loc\1430765.spk	unknown	-	1904	18	opaque-referrers(spk)
57C632D6	scripts\game\barkdata\loc\1430770.spk	unknown	-	3168	30	opaque-referrers(spk)
9F26BDA6	scripts\game\barkdata\loc\1430775.spk	unknown	-	1904	18	opaque-referrers(spk)
50D8F0EA	scripts\game\barkdata\loc\1430880.spk	unknown	-	1272	12	opaque-referrers(spk)
D21CF643	scripts\game\barkdata\loc\1430905.spk	unknown	-	213228	42	opaque-referrers(spk)
816D3B25	scripts\game\barkdata\loc\1430940.spk	unknown	-	2536	24	opaque-referrers(spk)
498DB455	scripts\game\barkdata\loc\1430945.spk	unknown	-	1272	12	opaque-referrers(spk)
4A31E880	scripts\game\barkdata\loc\1430950.spk	unknown	-	116256	28	opaque-referrers(spk)
CCA59A2E	scripts\game\barkdata\loc\1430960.spk	unknown	-	2536	24	opaque-referrers(spk)
F6AFFB5E	scripts\game\barkdata\loc\1430980.spk	unknown	-	51200	24	opaque-referrers(spk)
3DF328FB	scripts\game\barkdata\loc\1430990.spk	unknown	-	2852	27	opaque-referrers(spk)
C6E61205	scripts\game\barkdata\loc\1431025.spk	unknown	-	168416	27	opaque-referrers(spk)
677D3163	scripts\game\barkdata\loc\1431085.spk	unknown	-	2852	27	opaque-referrers(spk)
2EE5E46F	scripts\game\barkdata\loc\1431110.spk	unknown	-	2536	24	opaque-referrers(spk)
C2B66602	scripts\game\barkdata\loc\1431190.spk	unknown	-	324	3	opaque-referrers(spk)
0A56E972	scripts\game\barkdata\loc\1431195.spk	unknown	-	324	3	opaque-referrers(spk)
D4512D57	scripts\game\barkdata\loc\1431200.spk	unknown	-	324	3	opaque-referrers(spk)
C9541DEF	scripts\game\barkdata\loc\1431270.spk	unknown	-	324	3	opaque-referrers(spk)
F0E2204A	scripts\game\barkdata\loc\1431285.spk	unknown	-	324	3	opaque-referrers(spk)
F35E7C9F	scripts\game\barkdata\loc\1431290.spk	unknown	-	324	3	opaque-referrers(spk)
3BBEF3EF	scripts\game\barkdata\loc\1431295.spk	unknown	-	324	3	opaque-referrers(spk)
722626E3	scripts\game\barkdata\loc\1431300.spk	unknown	-	324	3	opaque-referrers(spk)
BAC6A993	scripts\game\barkdata\loc\1431305.spk	unknown	-	324	3	opaque-referrers(spk)
B97AF546	scripts\game\barkdata\loc\1431310.spk	unknown	-	324	3	opaque-referrers(spk)
719A7A36	scripts\game\barkdata\loc\1431315.spk	unknown	-	324	3	opaque-referrers(spk)
3FEE87E8	scripts\game\barkdata\loc\1431320.spk	unknown	-	324	3	opaque-referrers(spk)
F70E0898	scripts\game\barkdata\loc\1431325.spk	unknown	-	324	3	opaque-referrers(spk)
F4B2544D	scripts\game\barkdata\loc\1431330.spk	unknown	-	324	3	opaque-referrers(spk)
3C52DB3D	scripts\game\barkdata\loc\1431335.spk	unknown	-	324	3	opaque-referrers(spk)
E9B764F5	scripts\game\barkdata\loc\1431340.spk	unknown	-	324	3	opaque-referrers(spk)
A7C3992B	scripts\game\barkdata\loc\1431375.spk	unknown	-	5380	51	opaque-referrers(spk)
9E75A48E	scripts\game\barkdata\loc\1431380.spk	unknown	-	2852	27	opaque-referrers(spk)
56952BFE	scripts\game\barkdata\loc\1431385.spk	unknown	-	1904	18	opaque-referrers(spk)
5529772B	scripts\game\barkdata\loc\1431390.spk	unknown	-	2852	27	opaque-referrers(spk)
9DC9F85B	scripts\game\barkdata\loc\1431395.spk	unknown	-	1904	18	opaque-referrers(spk)
E4F0D50B	scripts\game\barkdata\loc\1431445.spk	unknown	-	4116	39	opaque-referrers(spk)
E74C89DE	scripts\game\barkdata\loc\1431450.spk	unknown	-	1904	18	opaque-referrers(spk)
5C3EB2D2	scripts\game\barkdata\loc\1431520.spk	unknown	-	224520	52	opaque-referrers(spk)
5F82EE07	scripts\game\barkdata\loc\1431535.spk	unknown	-	3168	30	opaque-referrers(spk)
C413AC11	scripts\game\barkdata\loc\1431575.spk	unknown	-	2852	27	opaque-referrers(spk)
20ECE3AA	scripts\game\barkdata\loc\1431850.spk	unknown	-	42912	9	opaque-referrers(spk)
1D0AAA08	scripts\game\barkdata\loc\1431910.spk	unknown	-	2220	21	opaque-referrers(spk)
D5EA2578	scripts\game\barkdata\loc\1431915.spk	unknown	-	200996	24	opaque-referrers(spk)
CD413B9D	scripts\game\barkdata\loc\1432000.spk	unknown	-	324	3	opaque-referrers(spk)
05A1B4ED	scripts\game\barkdata\loc\1432005.spk	unknown	-	324	3	opaque-referrers(spk)
061DE838	scripts\game\barkdata\loc\1432010.spk	unknown	-	324	3	opaque-referrers(spk)
CEFD6748	scripts\game\barkdata\loc\1432015.spk	unknown	-	324	3	opaque-referrers(spk)
80899A96	scripts\game\barkdata\loc\1432020.spk	unknown	-	324	3	opaque-referrers(spk)
486915E6	scripts\game\barkdata\loc\1432025.spk	unknown	-	324	3	opaque-referrers(spk)
4BD54933	scripts\game\barkdata\loc\1432030.spk	unknown	-	324	3	opaque-referrers(spk)
8335C643	scripts\game\barkdata\loc\1432035.spk	unknown	-	324	3	opaque-referrers(spk)
56D0798B	scripts\game\barkdata\loc\1432040.spk	unknown	-	324	3	opaque-referrers(spk)
9E30F6FB	scripts\game\barkdata\loc\1432045.spk	unknown	-	324	3	opaque-referrers(spk)
9D8CAA2E	scripts\game\barkdata\loc\1432050.spk	unknown	-	324	3	opaque-referrers(spk)
556C255E	scripts\game\barkdata\loc\1432055.spk	unknown	-	324	3	opaque-referrers(spk)
1B18D880	scripts\game\barkdata\loc\1432060.spk	unknown	-	324	3	opaque-referrers(spk)
D3F857F0	scripts\game\barkdata\loc\1432065.spk	unknown	-	324	3	opaque-referrers(spk)
D0440B25	scripts\game\barkdata\loc\1432070.spk	unknown	-	324	3	opaque-referrers(spk)
18A48455	scripts\game\barkdata\loc\1432075.spk	unknown	-	324	3	opaque-referrers(spk)
2112B9F0	scripts\game\barkdata\loc\1432080.spk	unknown	-	324	3	opaque-referrers(spk)
E9F23680	scripts\game\barkdata\loc\1432085.spk	unknown	-	324	3	opaque-referrers(spk)
EA4E6A55	scripts\game\barkdata\loc\1432090.spk	unknown	-	324	3	opaque-referrers(spk)
5ADE2AB4	scripts\game\barkdata\loc\1432200.spk	unknown	-	5696	54	opaque-referrers(spk)
F252CC2B	scripts\game\barkdata\loc\1432410.spk	unknown	-	2852	27	opaque-referrers(spk)
3AB2435B	scripts\game\barkdata\loc\1432415.spk	unknown	-	1904	18	opaque-referrers(spk)
74C6BE85	scripts\game\barkdata\loc\1432420.spk	unknown	-	2852	27	opaque-referrers(spk)
BC2631F5	scripts\game\barkdata\loc\1432425.spk	unknown	-	1904	18	opaque-referrers(spk)
57999B4A	scripts\game\barkdata\loc\1432505.spk	unknown	-	274304	61	opaque-referrers(spk)
19ED6694	scripts\game\barkdata\loc\1432530.spk	unknown	-	1272	12	opaque-referrers(spk)
07540AF9	scripts\game\barkdata\loc\1432555.spk	unknown	-	200804	42	opaque-referrers(spk)
B87645F2	scripts\game\barkdata\loc\1432590.spk	unknown	-	2536	24	opaque-referrers(spk)
7096CA82	scripts\game\barkdata\loc\1432595.spk	unknown	-	1272	12	opaque-referrers(spk)
65CDDD02	scripts\game\barkdata\loc\1432610.spk	unknown	-	2536	24	opaque-referrers(spk)
28057C09	scripts\game\barkdata\loc\1432630.spk	unknown	-	61216	27	opaque-referrers(spk)
35004CB1	scripts\game\barkdata\loc\1432640.spk	unknown	-	2852	27	opaque-referrers(spk)
7B74B16F	scripts\game\barkdata\loc\1432675.spk	unknown	-	166764	27	opaque-referrers(spk)
4692F8CD	scripts\game\barkdata\loc\1432735.spk	unknown	-	1904	18	opaque-referrers(spk)
DEBFE60E	scripts\game\barkdata\loc\1432760.spk	unknown	-	2536	24	opaque-referrers(spk)
E709DBAB	scripts\game\barkdata\loc\1432795.spk	unknown	-	200040	37	opaque-referrers(spk)
653F37EC	scripts\game\barkdata\loc\1432840.spk	unknown	-	324	3	opaque-referrers(spk)
ADDFB89C	scripts\game\barkdata\loc\1432845.spk	unknown	-	324	3	opaque-referrers(spk)
AE63E449	scripts\game\barkdata\loc\1432850.spk	unknown	-	324	3	opaque-referrers(spk)
5B65229B	scripts\game\barkdata\loc\1432915.spk	unknown	-	324	3	opaque-referrers(spk)
1511DF45	scripts\game\barkdata\loc\1432920.spk	unknown	-	324	3	opaque-referrers(spk)
DDF15035	scripts\game\barkdata\loc\1432925.spk	unknown	-	324	3	opaque-referrers(spk)
DE4D0CE0	scripts\game\barkdata\loc\1432930.spk	unknown	-	324	3	opaque-referrers(spk)
0814EFFD	scripts\game\barkdata\loc\1432950.spk	unknown	-	324	3	opaque-referrers(spk)
C0F4608D	scripts\game\barkdata\loc\1432955.spk	unknown	-	324	3	opaque-referrers(spk)
8E809D53	scripts\game\barkdata\loc\1432960.spk	unknown	-	324	3	opaque-referrers(spk)
46601223	scripts\game\barkdata\loc\1432965.spk	unknown	-	324	3	opaque-referrers(spk)
45DC4EF6	scripts\game\barkdata\loc\1432970.spk	unknown	-	324	3	opaque-referrers(spk)
8D3CC186	scripts\game\barkdata\loc\1432975.spk	unknown	-	324	3	opaque-referrers(spk)
B48AFC23	scripts\game\barkdata\loc\1432980.spk	unknown	-	324	3	opaque-referrers(spk)
7C6A7353	scripts\game\barkdata\loc\1432985.spk	unknown	-	324	3	opaque-referrers(spk)
7FD62F86	scripts\game\barkdata\loc\1432990.spk	unknown	-	324	3	opaque-referrers(spk)
84C31578	scripts\game\barkdata\loc\1433025.spk	unknown	-	5696	54	opaque-referrers(spk)
D800D7F4	scripts\game\barkdata\loc\1433235.spk	unknown	-	2852	27	opaque-referrers(spk)
0DE5683C	scripts\game\barkdata\loc\1433240.spk	unknown	-	1904	18	opaque-referrers(spk)
C505E74C	scripts\game\barkdata\loc\1433245.spk	unknown	-	2852	27	opaque-referrers(spk)
C6B9BB99	scripts\game\barkdata\loc\1433250.spk	unknown	-	1904	18	opaque-referrers(spk)
A82E3F5D	scripts\game\barkdata\loc\1433355.spk	unknown	-	1272	12	opaque-referrers(spk)
2D061126	scripts\game\barkdata\loc\1433370.spk	unknown	-	132516	48	opaque-referrers(spk)
DC50A3F3	scripts\game\barkdata\loc\1433380.spk	unknown	-	151376	39	opaque-referrers(spk)
F61843C5	scripts\game\barkdata\loc\1433415.spk	unknown	-	3168	30	opaque-referrers(spk)
B86CBE1B	scripts\game\barkdata\loc\1433420.spk	unknown	-	1272	12	opaque-referrers(spk)
BBD0E2CE	scripts\game\barkdata\loc\1433435.spk	unknown	-	2536	24	opaque-referrers(spk)
6D8901D3	scripts\game\barkdata\loc\1433455.spk	unknown	-	67472	27	opaque-referrers(spk)
EB1D737D	scripts\game\barkdata\loc\1433465.spk	unknown	-	2852	27	opaque-referrers(spk)
53D314A4	scripts\game\barkdata\loc\1433500.spk	unknown	-	155228	27	opaque-referrers(spk)
858AF7B9	scripts\game\barkdata\loc\1433560.spk	unknown	-	2220	21	opaque-referrers(spk)
776019B9	scripts\game\barkdata\loc\1433585.spk	unknown	-	2536	24	opaque-referrers(spk)
7C826254	scripts\game\barkdata\loc\1433665.spk	unknown	-	324	3	opaque-referrers(spk)
7F3E3E81	scripts\game\barkdata\loc\1433670.spk	unknown	-	324	3	opaque-referrers(spk)
B7DEB1F1	scripts\game\barkdata\loc\1433675.spk	unknown	-	324	3	opaque-referrers(spk)
973DC8EB	scripts\game\barkdata\loc\1433745.spk	unknown	-	324	3	opaque-referrers(spk)
9481943E	scripts\game\barkdata\loc\1433750.spk	unknown	-	324	3	opaque-referrers(spk)
5C611B4E	scripts\game\barkdata\loc\1433755.spk	unknown	-	324	3	opaque-referrers(spk)
1215E690	scripts\game\barkdata\loc\1433760.spk	unknown	-	324	3	opaque-referrers(spk)
DAF569E0	scripts\game\barkdata\loc\1433765.spk	unknown	-	324	3	opaque-referrers(spk)
D9493535	scripts\game\barkdata\loc\1433770.spk	unknown	-	324	3	opaque-referrers(spk)
11A9BA45	scripts\game\barkdata\loc\1433775.spk	unknown	-	324	3	opaque-referrers(spk)
E3435445	scripts\game\barkdata\loc\1433790.spk	unknown	-	324	3	opaque-referrers(spk)
2BA3DB35	scripts\game\barkdata\loc\1433795.spk	unknown	-	324	3	opaque-referrers(spk)
32047564	scripts\game\barkdata\loc\1433800.spk	unknown	-	324	3	opaque-referrers(spk)
FAE4FA14	scripts\game\barkdata\loc\1433805.spk	unknown	-	324	3	opaque-referrers(spk)
F958A6C1	scripts\game\barkdata\loc\1433810.spk	unknown	-	324	3	opaque-referrers(spk)
31B829B1	scripts\game\barkdata\loc\1433815.spk	unknown	-	324	3	opaque-referrers(spk)
62C9E4D7	scripts\game\barkdata\loc\1433850.spk	unknown	-	6012	57	opaque-referrers(spk)
AA296BA7	scripts\game\barkdata\loc\1433855.spk	unknown	-	2852	27	opaque-referrers(spk)
E45D9679	scripts\game\barkdata\loc\1433860.spk	unknown	-	1904	18	opaque-referrers(spk)
2CBD1909	scripts\game\barkdata\loc\1433865.spk	unknown	-	3168	30	opaque-referrers(spk)
2F0145DC	scripts\game\barkdata\loc\1433870.spk	unknown	-	1904	18	opaque-referrers(spk)
D9BBDFDB	scripts\game\barkdata\loc\1433920.spk	unknown	-	4748	45	opaque-referrers(spk)
115B50AB	scripts\game\barkdata\loc\1433925.spk	unknown	-	2536	24	opaque-referrers(spk)
C072E1BF	scripts\game\barkdata\loc\1434010.spk	unknown	-	2852	27	opaque-referrers(spk)
5BE3A3A9	scripts\game\barkdata\loc\1434050.spk	unknown	-	2852	27	opaque-referrers(spk)
BFEE06FC	scripts\game\barkdata\loc\1434325.spk	unknown	-	44868	9	opaque-referrers(spk)
1E75259A	scripts\game\barkdata\loc\1434385.spk	unknown	-	4116	39	opaque-referrers(spk)
1DC9794F	scripts\game\barkdata\loc\1434390.spk	unknown	-	150604	27	opaque-referrers(spk)
2938F514	scripts\game\barkdata\loc\1434460.spk	unknown	-	324	3	opaque-referrers(spk)
E1D87A64	scripts\game\barkdata\loc\1434465.spk	unknown	-	324	3	opaque-referrers(spk)
E26426B1	scripts\game\barkdata\loc\1434470.spk	unknown	-	324	3	opaque-referrers(spk)
2A84A9C1	scripts\game\barkdata\loc\1434475.spk	unknown	-	324	3	opaque-referrers(spk)
D86E47C1	scripts\game\barkdata\loc\1434490.spk	unknown	-	324	3	opaque-referrers(spk)
108EC8B1	scripts\game\barkdata\loc\1434495.spk	unknown	-	324	3	opaque-referrers(spk)
59161DBD	scripts\game\barkdata\loc\1434500.spk	unknown	-	324	3	opaque-referrers(spk)
91F692CD	scripts\game\barkdata\loc\1434505.spk	unknown	-	324	3	opaque-referrers(spk)
924ACE18	scripts\game\barkdata\loc\1434510.spk	unknown	-	324	3	opaque-referrers(spk)
5AAA4168	scripts\game\barkdata\loc\1434515.spk	unknown	-	324	3	opaque-referrers(spk)
14DEBCB6	scripts\game\barkdata\loc\1434520.spk	unknown	-	324	3	opaque-referrers(spk)
DC3E33C6	scripts\game\barkdata\loc\1434525.spk	unknown	-	324	3	opaque-referrers(spk)
DF826F13	scripts\game\barkdata\loc\1434530.spk	unknown	-	324	3	opaque-referrers(spk)
1762E063	scripts\game\barkdata\loc\1434535.spk	unknown	-	324	3	opaque-referrers(spk)
C2875FAB	scripts\game\barkdata\loc\1434540.spk	unknown	-	324	3	opaque-referrers(spk)
0A67D0DB	scripts\game\barkdata\loc\1434545.spk	unknown	-	324	3	opaque-referrers(spk)
09DB8C0E	scripts\game\barkdata\loc\1434550.spk	unknown	-	324	3	opaque-referrers(spk)
C13B037E	scripts\game\barkdata\loc\1434555.spk	unknown	-	324	3	opaque-referrers(spk)
8F4FFEA0	scripts\game\barkdata\loc\1434560.spk	unknown	-	324	3	opaque-referrers(spk)
68FE0720	scripts\game\barkdata\loc\1434600.spk	unknown	-	324	3	opaque-referrers(spk)
A01E8850	scripts\game\barkdata\loc\1434605.spk	unknown	-	324	3	opaque-referrers(spk)
A3A2D485	scripts\game\barkdata\loc\1434610.spk	unknown	-	324	3	opaque-referrers(spk)
BD1BB8E8	scripts\game\barkdata\loc\1434675.spk	unknown	-	5696	54	opaque-referrers(spk)
84AD854D	scripts\game\barkdata\loc\1434680.spk	unknown	-	2852	27	opaque-referrers(spk)
4C4D0A3D	scripts\game\barkdata\loc\1434685.spk	unknown	-	1904	18	opaque-referrers(spk)
4FF156E8	scripts\game\barkdata\loc\1434690.spk	unknown	-	3168	30	opaque-referrers(spk)
8711D998	scripts\game\barkdata\loc\1434695.spk	unknown	-	1904	18	opaque-referrers(spk)
9DF8C1F2	scripts\game\barkdata\loc\1434745.spk	unknown	-	6644	63	opaque-referrers(spk)
9E449D27	scripts\game\barkdata\loc\1434750.spk	unknown	-	1588	15	opaque-referrers(spk)
3B7D20A8	scripts\game\barkdata\loc\1434815.spk	unknown	-	194284	37	opaque-referrers(spk)
76B581A3	scripts\game\barkdata\loc\1434835.spk	unknown	-	3168	30	opaque-referrers(spk)
ED24C3B5	scripts\game\barkdata\loc\1434875.spk	unknown	-	2852	27	opaque-referrers(spk)
1C727160	scripts\game\barkdata\loc\1434885.spk	unknown	-	2852	27	opaque-referrers(spk)
1FCE2DB5	scripts\game\barkdata\loc\1434890.spk	unknown	-	1904	18	opaque-referrers(spk)
D72EA2C5	scripts\game\barkdata\loc\1434895.spk	unknown	-	2852	27	opaque-referrers(spk)
9EB677C9	scripts\game\barkdata\loc\1434900.spk	unknown	-	1904	18	opaque-referrers(spk)
0F64BDF4	scripts\game\barkdata\loc\1435005.spk	unknown	-	1272	12	opaque-referrers(spk)
4110402A	scripts\game\barkdata\loc\1435030.spk	unknown	-	226108	39	opaque-referrers(spk)
D93D5EE9	scripts\game\barkdata\loc\1435065.spk	unknown	-	3168	30	opaque-referrers(spk)
DA81023C	scripts\game\barkdata\loc\1435070.spk	unknown	-	1272	12	opaque-referrers(spk)
E3373F99	scripts\game\barkdata\loc\1435085.spk	unknown	-	2536	24	opaque-referrers(spk)
A913B640	scripts\game\barkdata\loc\1435105.spk	unknown	-	58152	27	opaque-referrers(spk)
624F65E5	scripts\game\barkdata\loc\1435115.spk	unknown	-	2852	27	opaque-referrers(spk)
313EA883	scripts\game\barkdata\loc\1435150.spk	unknown	-	126828	27	opaque-referrers(spk)
9B47F008	scripts\game\barkdata\loc\1435210.spk	unknown	-	2852	27	opaque-referrers(spk)
53A77F78	scripts\game\barkdata\loc\1435215.spk	unknown	-	149704	24	opaque-referrers(spk)
1E6FDE73	scripts\game\barkdata\loc\1435235.spk	unknown	-	2536	24	opaque-referrers(spk)
74A82EB0	scripts\game\barkdata\loc\1435285.spk	unknown	-	324	3	opaque-referrers(spk)
77147265	scripts\game\barkdata\loc\1435290.spk	unknown	-	324	3	opaque-referrers(spk)
BFF4FD15	scripts\game\barkdata\loc\1435295.spk	unknown	-	324	3	opaque-referrers(spk)
F66C2819	scripts\game\barkdata\loc\1435300.spk	unknown	-	324	3	opaque-referrers(spk)
3E8CA769	scripts\game\barkdata\loc\1435305.spk	unknown	-	324	3	opaque-referrers(spk)
3D30FBBC	scripts\game\barkdata\loc\1435310.spk	unknown	-	324	3	opaque-referrers(spk)
F5D074CC	scripts\game\barkdata\loc\1435315.spk	unknown	-	324	3	opaque-referrers(spk)
70F85AB7	scripts\game\barkdata\loc\1435330.spk	unknown	-	324	3	opaque-referrers(spk)
B818D5C7	scripts\game\barkdata\loc\1435335.spk	unknown	-	324	3	opaque-referrers(spk)
6DFD6A0F	scripts\game\barkdata\loc\1435340.spk	unknown	-	324	3	opaque-referrers(spk)
A51DE57F	scripts\game\barkdata\loc\1435345.spk	unknown	-	324	3	opaque-referrers(spk)
A6A1B9AA	scripts\game\barkdata\loc\1435350.spk	unknown	-	324	3	opaque-referrers(spk)
6E4136DA	scripts\game\barkdata\loc\1435355.spk	unknown	-	324	3	opaque-referrers(spk)
2035CB04	scripts\game\barkdata\loc\1435360.spk	unknown	-	324	3	opaque-referrers(spk)
E8D54474	scripts\game\barkdata\loc\1435365.spk	unknown	-	324	3	opaque-referrers(spk)
EB6918A1	scripts\game\barkdata\loc\1435370.spk	unknown	-	324	3	opaque-referrers(spk)
238997D1	scripts\game\barkdata\loc\1435375.spk	unknown	-	324	3	opaque-referrers(spk)
1A3FAA74	scripts\game\barkdata\loc\1435380.spk	unknown	-	324	3	opaque-referrers(spk)
D2DF2504	scripts\game\barkdata\loc\1435385.spk	unknown	-	324	3	opaque-referrers(spk)
1983F6A1	scripts\game\barkdata\loc\1435395.spk	unknown	-	324	3	opaque-referrers(spk)
33CB1697	scripts\game\barkdata\loc\1435400.spk	unknown	-	324	3	opaque-referrers(spk)
FB2B99E7	scripts\game\barkdata\loc\1435405.spk	unknown	-	324	3	opaque-referrers(spk)
F897C532	scripts\game\barkdata\loc\1435410.spk	unknown	-	324	3	opaque-referrers(spk)
30774A42	scripts\game\barkdata\loc\1435415.spk	unknown	-	324	3	opaque-referrers(spk)
7E03B79C	scripts\game\barkdata\loc\1435420.spk	unknown	-	324	3	opaque-referrers(spk)
B6E338EC	scripts\game\barkdata\loc\1435425.spk	unknown	-	324	3	opaque-referrers(spk)
B55F6439	scripts\game\barkdata\loc\1435430.spk	unknown	-	324	3	opaque-referrers(spk)
7DBFEB49	scripts\game\barkdata\loc\1435435.spk	unknown	-	324	3	opaque-referrers(spk)
A85A5481	scripts\game\barkdata\loc\1435440.spk	unknown	-	324	3	opaque-referrers(spk)
60BADBF1	scripts\game\barkdata\loc\1435445.spk	unknown	-	324	3	opaque-referrers(spk)
63068724	scripts\game\barkdata\loc\1435450.spk	unknown	-	324	3	opaque-referrers(spk)
ABE60854	scripts\game\barkdata\loc\1435455.spk	unknown	-	324	3	opaque-referrers(spk)
E592F58A	scripts\game\barkdata\loc\1435460.spk	unknown	-	324	3	opaque-referrers(spk)
2D727AFA	scripts\game\barkdata\loc\1435465.spk	unknown	-	324	3	opaque-referrers(spk)
95BC1D23	scripts\game\barkdata\loc\1435500.spk	unknown	-	5696	54	opaque-referrers(spk)
5D5C9253	scripts\game\barkdata\loc\1435505.spk	unknown	-	2852	27	opaque-referrers(spk)
5EE0CE86	scripts\game\barkdata\loc\1435510.spk	unknown	-	1904	18	opaque-referrers(spk)
960041F6	scripts\game\barkdata\loc\1435515.spk	unknown	-	2852	27	opaque-referrers(spk)
D874BC28	scripts\game\barkdata\loc\1435520.spk	unknown	-	1904	18	opaque-referrers(spk)
88B92D9B	scripts\game\barkdata\loc\1435570.spk	unknown	-	3800	36	opaque-referrers(spk)
4059A2EB	scripts\game\barkdata\loc\1435575.spk	unknown	-	2220	21	opaque-referrers(spk)
3FC545A8	scripts\game\barkdata\loc\1435640.spk	unknown	-	178856	67	opaque-referrers(spk)
720DE4A3	scripts\game\barkdata\loc\1435660.spk	unknown	-	2536	24	opaque-referrers(spk)
02230C0A	scripts\game\barkdata\loc\1435700.spk	unknown	-	2852	27	opaque-referrers(spk)
87F9C89F	scripts\game\barkdata\loc\1435975.spk	unknown	-	49156	9	opaque-referrers(spk)
077FC8B9	scripts\game\barkdata\loc\1436035.spk	unknown	-	3800	36	opaque-referrers(spk)
D29A7771	scripts\game\barkdata\loc\1436040.spk	unknown	-	329688	27	opaque-referrers(spk)
2420ED76	scripts\game\barkdata\loc\1436110.spk	unknown	-	324	3	opaque-referrers(spk)
ECC06206	scripts\game\barkdata\loc\1436115.spk	unknown	-	324	3	opaque-referrers(spk)
A2B49FD8	scripts\game\barkdata\loc\1436120.spk	unknown	-	324	3	opaque-referrers(spk)
6A5410A8	scripts\game\barkdata\loc\1436125.spk	unknown	-	324	3	opaque-referrers(spk)
69E84C7D	scripts\game\barkdata\loc\1436130.spk	unknown	-	324	3	opaque-referrers(spk)
A108C30D	scripts\game\barkdata\loc\1436135.spk	unknown	-	324	3	opaque-referrers(spk)
74ED7CC5	scripts\game\barkdata\loc\1436140.spk	unknown	-	324	3	opaque-referrers(spk)
BC0DF3B5	scripts\game\barkdata\loc\1436145.spk	unknown	-	324	3	opaque-referrers(spk)
BFB1AF60	scripts\game\barkdata\loc\1436150.spk	unknown	-	324	3	opaque-referrers(spk)
77512010	scripts\game\barkdata\loc\1436155.spk	unknown	-	324	3	opaque-referrers(spk)
F2790E6B	scripts\game\barkdata\loc\1436170.spk	unknown	-	324	3	opaque-referrers(spk)
3A99811B	scripts\game\barkdata\loc\1436175.spk	unknown	-	324	3	opaque-referrers(spk)
032FBCBE	scripts\game\barkdata\loc\1436180.spk	unknown	-	324	3	opaque-referrers(spk)
CBCF33CE	scripts\game\barkdata\loc\1436185.spk	unknown	-	324	3	opaque-referrers(spk)
C8736F1B	scripts\game\barkdata\loc\1436190.spk	unknown	-	324	3	opaque-referrers(spk)
0093E06B	scripts\game\barkdata\loc\1436195.spk	unknown	-	324	3	opaque-referrers(spk)
DE94244E	scripts\game\barkdata\loc\1436200.spk	unknown	-	324	3	opaque-referrers(spk)
1674AB3E	scripts\game\barkdata\loc\1436205.spk	unknown	-	324	3	opaque-referrers(spk)
15C8F7EB	scripts\game\barkdata\loc\1436210.spk	unknown	-	324	3	opaque-referrers(spk)
FDCB0181	scripts\game\barkdata\loc\1436325.spk	unknown	-	5696	54	opaque-referrers(spk)
5547E71E	scripts\game\barkdata\loc\1436535.spk	unknown	-	2852	27	opaque-referrers(spk)
80A258D6	scripts\game\barkdata\loc\1436540.spk	unknown	-	1904	18	opaque-referrers(spk)
4842D7A6	scripts\game\barkdata\loc\1436545.spk	unknown	-	2852	27	opaque-referrers(spk)
4BFE8B73	scripts\game\barkdata\loc\1436550.spk	unknown	-	1904	18	opaque-referrers(spk)
B2F61E9E	scripts\game\barkdata\loc\1436655.spk	unknown	-	1272	12	opaque-referrers(spk)
37DE30E5	scripts\game\barkdata\loc\1436670.spk	unknown	-	176712	48	opaque-referrers(spk)
C6888230	scripts\game\barkdata\loc\1436680.spk	unknown	-	165000	33	opaque-referrers(spk)
8F10573C	scripts\game\barkdata\loc\1436715.spk	unknown	-	2536	24	opaque-referrers(spk)
C164AAE2	scripts\game\barkdata\loc\1436720.spk	unknown	-	1272	12	opaque-referrers(spk)
C2D8F637	scripts\game\barkdata\loc\1436735.spk	unknown	-	2536	24	opaque-referrers(spk)
1481152A	scripts\game\barkdata\loc\1436755.spk	unknown	-	58308	27	opaque-referrers(spk)
92156784	scripts\game\barkdata\loc\1436765.spk	unknown	-	2852	27	opaque-referrers(spk)
7AE47B00	scripts\game\barkdata\loc\1436800.spk	unknown	-	151580	27	opaque-referrers(spk)
ACBD981D	scripts\game\barkdata\loc\1436860.spk	unknown	-	2852	27	opaque-referrers(spk)
5E57761D	scripts\game\barkdata\loc\1436885.spk	unknown	-	2536	24	opaque-referrers(spk)
C22A1CD9	scripts\game\barkdata\loc\1436965.spk	unknown	-	324	3	opaque-referrers(spk)
C196400C	scripts\game\barkdata\loc\1436970.spk	unknown	-	324	3	opaque-referrers(spk)
0976CF7C	scripts\game\barkdata\loc\1436975.spk	unknown	-	324	3	opaque-referrers(spk)
1E3077EF	scripts\game\barkdata\loc\1437040.spk	unknown	-	324	3	opaque-referrers(spk)
D6D0F89F	scripts\game\barkdata\loc\1437045.spk	unknown	-	324	3	opaque-referrers(spk)
D56CA44A	scripts\game\barkdata\loc\1437050.spk	unknown	-	324	3	opaque-referrers(spk)
1D8C2B3A	scripts\game\barkdata\loc\1437055.spk	unknown	-	324	3	opaque-referrers(spk)
53F8D6E4	scripts\game\barkdata\loc\1437060.spk	unknown	-	324	3	opaque-referrers(spk)
9B185994	scripts\game\barkdata\loc\1437065.spk	unknown	-	324	3	opaque-referrers(spk)
98A40541	scripts\game\barkdata\loc\1437070.spk	unknown	-	324	3	opaque-referrers(spk)
50448A31	scripts\game\barkdata\loc\1437075.spk	unknown	-	324	3	opaque-referrers(spk)
69F2B794	scripts\game\barkdata\loc\1437080.spk	unknown	-	324	3	opaque-referrers(spk)
A11238E4	scripts\game\barkdata\loc\1437085.spk	unknown	-	324	3	opaque-referrers(spk)
EB36B13D	scripts\game\barkdata\loc\1437105.spk	unknown	-	324	3	opaque-referrers(spk)
E88AEDE8	scripts\game\barkdata\loc\1437110.spk	unknown	-	324	3	opaque-referrers(spk)
206A6298	scripts\game\barkdata\loc\1437115.spk	unknown	-	324	3	opaque-referrers(spk)
731BAFFE	scripts\game\barkdata\loc\1437150.spk	unknown	-	5696	54	opaque-referrers(spk)
BBFB208E	scripts\game\barkdata\loc\1437155.spk	unknown	-	2852	27	opaque-referrers(spk)
F58FDD50	scripts\game\barkdata\loc\1437160.spk	unknown	-	1904	18	opaque-referrers(spk)
3D6F5220	scripts\game\barkdata\loc\1437165.spk	unknown	-	2852	27	opaque-referrers(spk)
3ED30EF5	scripts\game\barkdata\loc\1437170.spk	unknown	-	1904	18	opaque-referrers(spk)
5FF685DB	scripts\game\barkdata\loc\1437220.spk	unknown	-	3484	33	opaque-referrers(spk)
97160AAB	scripts\game\barkdata\loc\1437225.spk	unknown	-	2220	21	opaque-referrers(spk)
35317518	scripts\game\barkdata\loc\1437290.spk	unknown	-	171272	49	opaque-referrers(spk)
7F15FCC1	scripts\game\barkdata\loc\1437310.spk	unknown	-	3168	30	opaque-referrers(spk)
E484BED7	scripts\game\barkdata\loc\1437350.spk	unknown	-	2852	27	opaque-referrers(spk)
63592EB8	scripts\game\barkdata\loc\1437625.spk	unknown	-	48700	9	opaque-referrers(spk)
C2C20DDE	scripts\game\barkdata\loc\1437685.spk	unknown	-	3800	36	opaque-referrers(spk)
C17E510B	scripts\game\barkdata\loc\1437690.spk	unknown	-	265388	33	opaque-referrers(spk)
965FE86A	scripts\game\barkdata\loc\1437760.spk	unknown	-	324	3	opaque-referrers(spk)
5EBF671A	scripts\game\barkdata\loc\1437765.spk	unknown	-	324	3	opaque-referrers(spk)
5D033BCF	scripts\game\barkdata\loc\1437770.spk	unknown	-	324	3	opaque-referrers(spk)
95E3B4BF	scripts\game\barkdata\loc\1437775.spk	unknown	-	324	3	opaque-referrers(spk)
AC55891A	scripts\game\barkdata\loc\1437780.spk	unknown	-	324	3	opaque-referrers(spk)
64B5066A	scripts\game\barkdata\loc\1437785.spk	unknown	-	324	3	opaque-referrers(spk)
67095ABF	scripts\game\barkdata\loc\1437790.spk	unknown	-	324	3	opaque-referrers(spk)
AFE9D5CF	scripts\game\barkdata\loc\1437795.spk	unknown	-	324	3	opaque-referrers(spk)
B64E7B9E	scripts\game\barkdata\loc\1437800.spk	unknown	-	324	3	opaque-referrers(spk)
7EAEF4EE	scripts\game\barkdata\loc\1437805.spk	unknown	-	324	3	opaque-referrers(spk)
7D12A83B	scripts\game\barkdata\loc\1437810.spk	unknown	-	324	3	opaque-referrers(spk)
B5F2274B	scripts\game\barkdata\loc\1437815.spk	unknown	-	324	3	opaque-referrers(spk)
F83A8640	scripts\game\barkdata\loc\1437835.spk	unknown	-	324	3	opaque-referrers(spk)
2DDF3988	scripts\game\barkdata\loc\1437840.spk	unknown	-	324	3	opaque-referrers(spk)
E53FB6F8	scripts\game\barkdata\loc\1437845.spk	unknown	-	324	3	opaque-referrers(spk)
E683EA2D	scripts\game\barkdata\loc\1437850.spk	unknown	-	324	3	opaque-referrers(spk)
2E63655D	scripts\game\barkdata\loc\1437855.spk	unknown	-	324	3	opaque-referrers(spk)
60179883	scripts\game\barkdata\loc\1437860.spk	unknown	-	324	3	opaque-referrers(spk)
A8F717F3	scripts\game\barkdata\loc\1437865.spk	unknown	-	324	3	opaque-referrers(spk)
C5DCCFE2	scripts\game\barkdata\loc\1437975.spk	unknown	-	5696	54	opaque-referrers(spk)
FC6AF247	scripts\game\barkdata\loc\1437980.spk	unknown	-	2852	27	opaque-referrers(spk)
348A7D37	scripts\game\barkdata\loc\1437985.spk	unknown	-	1904	18	opaque-referrers(spk)
373621E2	scripts\game\barkdata\loc\1437990.spk	unknown	-	2852	27	opaque-referrers(spk)
FFD6AE92	scripts\game\barkdata\loc\1437995.spk	unknown	-	1904	18	opaque-referrers(spk)
0FF0EA33	scripts\game\barkdata\loc\1438045.spk	unknown	-	3484	33	opaque-referrers(spk)
0C4CB6E6	scripts\game\barkdata\loc\1438050.spk	unknown	-	2220	21	opaque-referrers(spk)
3216A391	scripts\game\barkdata\loc\1438105.spk	unknown	-	139232	55	opaque-referrers(spk)
F94A7034	scripts\game\barkdata\loc\1438115.spk	unknown	-	171660	58	opaque-referrers(spk)
B482D13F	scripts\game\barkdata\loc\1438135.spk	unknown	-	2852	27	opaque-referrers(spk)
2F139329	scripts\game\barkdata\loc\1438175.spk	unknown	-	2536	24	opaque-referrers(spk)
F80392F5	scripts\game\barkdata\loc\1438450.spk	unknown	-	56356	9	opaque-referrers(spk)
C5E5DB57	scripts\game\barkdata\loc\1438510.spk	unknown	-	3800	36	opaque-referrers(spk)
0D055427	scripts\game\barkdata\loc\1438515.spk	unknown	-	258776	36	opaque-referrers(spk)
2A0A05EF	scripts\game\barkdata\loc\1438585.spk	unknown	-	324	3	opaque-referrers(spk)
29B6593A	scripts\game\barkdata\loc\1438590.spk	unknown	-	324	3	opaque-referrers(spk)
E156D64A	scripts\game\barkdata\loc\1438595.spk	unknown	-	324	3	opaque-referrers(spk)
3F51126F	scripts\game\barkdata\loc\1438600.spk	unknown	-	324	3	opaque-referrers(spk)
F7B19D1F	scripts\game\barkdata\loc\1438605.spk	unknown	-	324	3	opaque-referrers(spk)
F40DC1CA	scripts\game\barkdata\loc\1438610.spk	unknown	-	324	3	opaque-referrers(spk)
3CED4EBA	scripts\game\barkdata\loc\1438615.spk	unknown	-	324	3	opaque-referrers(spk)
7299B364	scripts\game\barkdata\loc\1438620.spk	unknown	-	324	3	opaque-referrers(spk)
BA793C14	scripts\game\barkdata\loc\1438625.spk	unknown	-	324	3	opaque-referrers(spk)
B9C560C1	scripts\game\barkdata\loc\1438630.spk	unknown	-	324	3	opaque-referrers(spk)
7125EFB1	scripts\game\barkdata\loc\1438635.spk	unknown	-	324	3	opaque-referrers(spk)
A4C05079	scripts\game\barkdata\loc\1438640.spk	unknown	-	324	3	opaque-referrers(spk)
6C20DF09	scripts\game\barkdata\loc\1438645.spk	unknown	-	324	3	opaque-referrers(spk)
6F9C83DC	scripts\game\barkdata\loc\1438650.spk	unknown	-	324	3	opaque-referrers(spk)
A77C0CAC	scripts\game\barkdata\loc\1438655.spk	unknown	-	324	3	opaque-referrers(spk)
EAB4ADA7	scripts\game\barkdata\loc\1438675.spk	unknown	-	324	3	opaque-referrers(spk)
D3029002	scripts\game\barkdata\loc\1438680.spk	unknown	-	324	3	opaque-referrers(spk)
1BE21F72	scripts\game\barkdata\loc\1438685.spk	unknown	-	324	3	opaque-referrers(spk)
185E43A7	scripts\game\barkdata\loc\1438690.spk	unknown	-	324	3	opaque-referrers(spk)
6F6E6932	scripts\game\barkdata\loc\1438800.spk	unknown	-	5696	54	opaque-referrers(spk)
A78EE642	scripts\game\barkdata\loc\1438805.spk	unknown	-	2852	27	opaque-referrers(spk)
A432BA97	scripts\game\barkdata\loc\1438810.spk	unknown	-	1904	18	opaque-referrers(spk)
6CD235E7	scripts\game\barkdata\loc\1438815.spk	unknown	-	2852	27	opaque-referrers(spk)
22A6C839	scripts\game\barkdata\loc\1438820.spk	unknown	-	1904	18	opaque-referrers(spk)
726B598A	scripts\game\barkdata\loc\1438870.spk	unknown	-	3800	36	opaque-referrers(spk)
BA8BD6FA	scripts\game\barkdata\loc\1438875.spk	unknown	-	2220	21	opaque-referrers(spk)
1F40819B	scripts\game\barkdata\loc\1438960.spk	unknown	-	2852	27	opaque-referrers(spk)
902B27CB	scripts\game\barkdata\loc\1439000.spk	unknown	-	2852	27	opaque-referrers(spk)
D251892A	scripts\game\barkdata\loc\1439275.spk	unknown	-	40596	9	opaque-referrers(spk)
EFB7C088	scripts\game\barkdata\loc\1439335.spk	unknown	-	3168	30	opaque-referrers(spk)
3A527F40	scripts\game\barkdata\loc\1439340.spk	unknown	-	235452	30	opaque-referrers(spk)
AF38D07D	scripts\game\barkdata\loc\1439410.spk	unknown	-	324	3	opaque-referrers(spk)
67D85F0D	scripts\game\barkdata\loc\1439415.spk	unknown	-	324	3	opaque-referrers(spk)
29ACA2D3	scripts\game\barkdata\loc\1439420.spk	unknown	-	324	3	opaque-referrers(spk)
E14C2DA3	scripts\game\barkdata\loc\1439425.spk	unknown	-	324	3	opaque-referrers(spk)
E2F07176	scripts\game\barkdata\loc\1439430.spk	unknown	-	324	3	opaque-referrers(spk)
2A10FE06	scripts\game\barkdata\loc\1439435.spk	unknown	-	324	3	opaque-referrers(spk)
FFF541CE	scripts\game\barkdata\loc\1439440.spk	unknown	-	324	3	opaque-referrers(spk)
3715CEBE	scripts\game\barkdata\loc\1439445.spk	unknown	-	324	3	opaque-referrers(spk)
34A9926B	scripts\game\barkdata\loc\1439450.spk	unknown	-	324	3	opaque-referrers(spk)
FC491D1B	scripts\game\barkdata\loc\1439455.spk	unknown	-	324	3	opaque-referrers(spk)
B23DE0C5	scripts\game\barkdata\loc\1439460.spk	unknown	-	324	3	opaque-referrers(spk)
7ADD6FB5	scripts\game\barkdata\loc\1439465.spk	unknown	-	324	3	opaque-referrers(spk)
79613360	scripts\game\barkdata\loc\1439470.spk	unknown	-	324	3	opaque-referrers(spk)
B181BC10	scripts\game\barkdata\loc\1439475.spk	unknown	-	324	3	opaque-referrers(spk)
883781B5	scripts\game\barkdata\loc\1439480.spk	unknown	-	324	3	opaque-referrers(spk)
40D70EC5	scripts\game\barkdata\loc\1439485.spk	unknown	-	324	3	opaque-referrers(spk)
436B5210	scripts\game\barkdata\loc\1439490.spk	unknown	-	324	3	opaque-referrers(spk)
8B8BDD60	scripts\game\barkdata\loc\1439495.spk	unknown	-	324	3	opaque-referrers(spk)
C1AF54B9	scripts\game\barkdata\loc\1439515.spk	unknown	-	324	3	opaque-referrers(spk)
76D33C8A	scripts\game\barkdata\loc\1439625.spk	unknown	-	5696	54	opaque-referrers(spk)
EDB09472	scripts\game\barkdata\loc\1439835.spk	unknown	-	2852	27	opaque-referrers(spk)
38552BBA	scripts\game\barkdata\loc\1439840.spk	unknown	-	1904	18	opaque-referrers(spk)
F0B5A4CA	scripts\game\barkdata\loc\1439845.spk	unknown	-	2852	27	opaque-referrers(spk)
F309F81F	scripts\game\barkdata\loc\1439850.spk	unknown	-	1904	18	opaque-referrers(spk)
557EF3AB	scripts\game\barkdata\loc\1439950.spk	unknown	-	111860	47	opaque-referrers(spk)
2FBEA0CB	scripts\game\barkdata\loc\1439952.spk	unknown	-	22052	2	opaque-referrers(spk)
9D9E7CDB	scripts\game\barkdata\loc\1439955.spk	unknown	-	1588	15	opaque-referrers(spk)
18B652A0	scripts\game\barkdata\loc\1439970.spk	unknown	-	47964	49	opaque-referrers(spk)
E9E0E075	scripts\game\barkdata\loc\1439980.spk	unknown	-	155204	39	opaque-referrers(spk)
E8B90DFC	scripts\game\barkdata\loc\1440015.spk	unknown	-	1904	18	opaque-referrers(spk)
A6CDF022	scripts\game\barkdata\loc\1440020.spk	unknown	-	1272	12	opaque-referrers(spk)
A571ACF7	scripts\game\barkdata\loc\1440035.spk	unknown	-	2536	24	opaque-referrers(spk)
73284FEA	scripts\game\barkdata\loc\1440055.spk	unknown	-	81128	21	opaque-referrers(spk)
F5BC3D44	scripts\game\barkdata\loc\1440065.spk	unknown	-	2536	24	opaque-referrers(spk)
4D725A9D	scripts\game\barkdata\loc\1440100.spk	unknown	-	138740	27	opaque-referrers(spk)
9B2BB980	scripts\game\barkdata\loc\1440160.spk	unknown	-	2536	24	opaque-referrers(spk)
69C15780	scripts\game\barkdata\loc\1440185.spk	unknown	-	2536	24	opaque-referrers(spk)
62232C6D	scripts\game\barkdata\loc\1440265.spk	unknown	-	324	3	opaque-referrers(spk)
619F70B8	scripts\game\barkdata\loc\1440270.spk	unknown	-	324	3	opaque-referrers(spk)
A97FFFC8	scripts\game\barkdata\loc\1440275.spk	unknown	-	324	3	opaque-referrers(spk)
899C86D2	scripts\game\barkdata\loc\1440345.spk	unknown	-	324	3	opaque-referrers(spk)
8A20DA07	scripts\game\barkdata\loc\1440350.spk	unknown	-	324	3	opaque-referrers(spk)
42C05577	scripts\game\barkdata\loc\1440355.spk	unknown	-	324	3	opaque-referrers(spk)
0CB4A8A9	scripts\game\barkdata\loc\1440360.spk	unknown	-	324	3	opaque-referrers(spk)
C45427D9	scripts\game\barkdata\loc\1440365.spk	unknown	-	324	3	opaque-referrers(spk)
C7E87B0C	scripts\game\barkdata\loc\1440370.spk	unknown	-	324	3	opaque-referrers(spk)
0F08F47C	scripts\game\barkdata\loc\1440375.spk	unknown	-	324	3	opaque-referrers(spk)
36BEC9D9	scripts\game\barkdata\loc\1440380.spk	unknown	-	324	3	opaque-referrers(spk)
FE5E46A9	scripts\game\barkdata\loc\1440385.spk	unknown	-	324	3	opaque-referrers(spk)
FDE21A7C	scripts\game\barkdata\loc\1440390.spk	unknown	-	324	3	opaque-referrers(spk)
3502950C	scripts\game\barkdata\loc\1440395.spk	unknown	-	324	3	opaque-referrers(spk)
1F4A753A	scripts\game\barkdata\loc\1440400.spk	unknown	-	324	3	opaque-referrers(spk)
D7AAFA4A	scripts\game\barkdata\loc\1440405.spk	unknown	-	324	3	opaque-referrers(spk)
B93D7E8E	scripts\game\barkdata\loc\1440500.spk	unknown	-	1272	12	opaque-referrers(spk)
71DDF1FE	scripts\game\barkdata\loc\1440505.spk	unknown	-	1272	12	opaque-referrers(spk)
7261AD2B	scripts\game\barkdata\loc\1440510.spk	unknown	-	1272	12	opaque-referrers(spk)
BA81225B	scripts\game\barkdata\loc\1440515.spk	unknown	-	1272	12	opaque-referrers(spk)
762B22C5	scripts\game\barkdata\loc\1441515.spk	unknown	-	1272	12	opaque-referrers(spk)
385FDF1B	scripts\game\barkdata\loc\1441520.spk	unknown	-	1272	12	opaque-referrers(spk)
F0BF506B	scripts\game\barkdata\loc\1441525.spk	unknown	-	1272	12	opaque-referrers(spk)
F3030CBE	scripts\game\barkdata\loc\1441530.spk	unknown	-	1272	12	opaque-referrers(spk)
E0B88358	scripts\game\barkdata\loc\1442195.spk	unknown	-	1588	15	opaque-referrers(spk)
4E91AFD4	scripts\game\barkdata\loc\1442360.spk	unknown	-	3168	30	opaque-referrers(spk)
6CF30306	scripts\game\barkdata\loc\1444015.spk	unknown	-	4116	39	opaque-referrers(spk)
9A499901	scripts\game\barkdata\loc\1444145.spk	unknown	-	3484	33	opaque-referrers(spk)
94B2742A	scripts\game\barkdata\loc\1444655.spk	unknown	-	2852	27	opaque-referrers(spk)
DAC689F4	scripts\game\barkdata\loc\1444660.spk	unknown	-	3484	33	opaque-referrers(spk)
46BBE330	scripts\game\barkdata\loc\1444780.spk	unknown	-	1904	18	opaque-referrers(spk)
FDD323D5	scripts\game\barkdata\loc\1445740.spk	unknown	-	1272	12	opaque-referrers(spk)
4C4FD380	scripts\game\barkdata\loc\1446350.spk	unknown	-	640	6	opaque-referrers(spk)
5AB2633C	scripts\game\barkdata\loc\1447170.spk	unknown	-	640	6	opaque-referrers(spk)
F3BC9939	scripts\game\barkdata\loc\1448010.spk	unknown	-	956	9	opaque-referrers(spk)
7BD306BC	scripts\game\barkdata\loc\1448730.spk	unknown	-	20656	6	opaque-referrers(spk)
B33389CC	scripts\game\barkdata\loc\1448735.spk	unknown	-	33144	6	opaque-referrers(spk)
66D63604	scripts\game\barkdata\loc\1448740.spk	unknown	-	34148	6	opaque-referrers(spk)
AE36B974	scripts\game\barkdata\loc\1448745.spk	unknown	-	36040	6	opaque-referrers(spk)
2BEC7DE1	scripts\game\barkdata\loc\1448930.spk	unknown	-	23056	6	opaque-referrers(spk)
E30CF291	scripts\game\barkdata\loc\1448935.spk	unknown	-	23856	6	opaque-referrers(spk)
8464A2AB	scripts\game\barkdata\loc\1449160.spk	unknown	-	640	6	opaque-referrers(spk)
30A4964D	scripts\game\barkdata\loc\1449245.spk	unknown	-	38060	9	opaque-referrers(spk)
7D6C3746	scripts\game\barkdata\loc\1449265.spk	unknown	-	640	6	opaque-referrers(spk)
524D920F	scripts\game\barkdata\loc\1451345.spk	unknown	-	1588	15	opaque-referrers(spk)
CDC9F66B	scripts\game\barkdata\loc\1452175.spk	unknown	-	139264	15	opaque-referrers(spk)
9AF2B4E3	scripts\game\barkdata\loc\1453135.spk	unknown	-	956	9	opaque-referrers(spk)
7B881745	scripts\game\barkdata\loc\1454015.spk	unknown	-	640	6	opaque-referrers(spk)
35FCEA9B	scripts\game\barkdata\loc\1454020.spk	unknown	-	956	9	opaque-referrers(spk)
CEF32B8C	scripts\game\barkdata\loc\1454825.spk	unknown	-	640	6	opaque-referrers(spk)
3343DB61	scripts\game\barkdata\loc\1455575.spk	unknown	-	3168	30	opaque-referrers(spk)
C21569B4	scripts\game\barkdata\loc\1455585.spk	unknown	-	1588	15	opaque-referrers(spk)
59107C65	scripts\game\barkdata\loc\1458585.spk	unknown	-	2220	21	opaque-referrers(spk)
807F0475	scripts\game\barkdata\loc\1461265.spk	unknown	-	1272	12	opaque-referrers(spk)
0D38349F	scripts\game\barkdata\loc\1464565.spk	unknown	-	956	9	opaque-referrers(spk)
AA3E72E1	scripts\game\barkdata\loc\1485095.spk	unknown	-	1588	15	opaque-referrers(spk)
04175E6D	scripts\game\barkdata\loc\1485260.spk	unknown	-	2852	27	opaque-referrers(spk)
7582BEEB	scripts\game\barkdata\loc\1485815.spk	unknown	-	640	6	opaque-referrers(spk)
3222C43B	scripts\game\barkdata\loc\1485816.spk	unknown	-	640	6	opaque-referrers(spk)
0F42ED8B	scripts\game\barkdata\loc\1485817.spk	unknown	-	324	3	opaque-referrers(spk)
5561C7F1	scripts\game\barkdata\loc\1485925.spk	unknown	-	1904	18	opaque-referrers(spk)
5D7AB2BC	scripts\game\barkdata\loc\1486915.spk	unknown	-	3484	33	opaque-referrers(spk)
8395679E	scripts\game\barkdata\loc\1487560.spk	unknown	-	2536	24	opaque-referrers(spk)
2695CEA4	scripts\game\barkdata\loc\1488640.spk	unknown	-	640	6	opaque-referrers(spk)
D52C398C	scripts\game\barkdata\loc\1489250.spk	unknown	-	640	6	opaque-referrers(spk)
074F86C6	scripts\game\barkdata\loc\1490070.spk	unknown	-	956	9	opaque-referrers(spk)
448E2008	scripts\game\barkdata\loc\1490910.spk	unknown	-	324	3	opaque-referrers(spk)
33A4F174	scripts\game\barkdata\loc\1491630.spk	unknown	-	133432	12	opaque-referrers(spk)
FB447E04	scripts\game\barkdata\loc\1491635.spk	unknown	-	126688	12	opaque-referrers(spk)
2EA1C1CC	scripts\game\barkdata\loc\1491640.spk	unknown	-	124872	12	opaque-referrers(spk)
E6414EBC	scripts\game\barkdata\loc\1491645.spk	unknown	-	118596	12	opaque-referrers(spk)
639B8A29	scripts\game\barkdata\loc\1491830.spk	unknown	-	153924	12	opaque-referrers(spk)
AB7B0559	scripts\game\barkdata\loc\1491835.spk	unknown	-	149752	12	opaque-referrers(spk)
AD6977D1	scripts\game\barkdata\loc\1492145.spk	unknown	-	177628	18	opaque-referrers(spk)
AED52B04	scripts\game\barkdata\loc\1492150.spk	unknown	-	108836	24	opaque-referrers(spk)
874F07D2	scripts\game\barkdata\loc\1495075.spk	unknown	-	103820	9	opaque-referrers(spk)
92514227	scripts\game\barkdata\loc\1496035.spk	unknown	-	640	6	opaque-referrers(spk)
4A01A6FF	scripts\game\barkdata\loc\1496915.spk	unknown	-	640	6	opaque-referrers(spk)
5000AF92	scripts\game\barkdata\loc\1497725.spk	unknown	-	324	3	opaque-referrers(spk)
E8053610	scripts\game\barkdata\loc\1498475.spk	unknown	-	2852	27	opaque-referrers(spk)
195384C5	scripts\game\barkdata\loc\1498485.spk	unknown	-	1588	15	opaque-referrers(spk)
48CD0C5E	scripts\game\barkdata\loc\1499020.spk	unknown	-	640	6	opaque-referrers(spk)
75AD25EE	scripts\game\barkdata\loc\1499021.spk	unknown	-	640	6	opaque-referrers(spk)
320D5F3E	scripts\game\barkdata\loc\1499022.spk	unknown	-	324	3	opaque-referrers(spk)
3751EB1D	scripts\game\barkdata\loc\1499315.spk	unknown	-	2852	27	opaque-referrers(spk)
32E02B6C	scripts\game\barkdata\loc\1503630.spk	unknown	-	80652	21	opaque-referrers(spk)
65AF0238	scripts\game\barkdata\loc\1504165.spk	unknown	-	956	9	opaque-referrers(spk)
6A07F63B	scripts\game\barkdata\loc\1505280.spk	unknown	-	103532	21	opaque-referrers(spk)
8C4855E1	scripts\game\barkdata\loc\1506930.spk	unknown	-	75048	21	opaque-referrers(spk)
B9182A7C	scripts\game\barkdata\loc\1507465.spk	unknown	-	956	9	opaque-referrers(spk)
7ACBDB53	scripts\game\barkdata\loc\1509405.spk	unknown	-	92632	21	opaque-referrers(spk)
5F5B1CDF	scripts\game\barkdata\loc\1510230.spk	unknown	-	103756	21	opaque-referrers(spk)
0132C9DB	scripts\game\barkdata\loc\1512705.spk	unknown	-	97932	21	opaque-referrers(spk)
076FD1EF	scripts\game\barkdata\loc\1527995.spk	unknown	-	1588	15	opaque-referrers(spk)
D416B081	scripts\game\barkdata\loc\1528160.spk	unknown	-	2852	27	opaque-referrers(spk)
62233A73	scripts\game\barkdata\loc\1528715.spk	unknown	-	640	6	opaque-referrers(spk)
258340A3	scripts\game\barkdata\loc\1528716.spk	unknown	-	640	6	opaque-referrers(spk)
18E36913	scripts\game\barkdata\loc\1528717.spk	unknown	-	324	3	opaque-referrers(spk)
12FF3834	scripts\game\barkdata\loc\1528825.spk	unknown	-	1904	18	opaque-referrers(spk)
58C14A04	scripts\game\barkdata\loc\1529815.spk	unknown	-	2220	21	opaque-referrers(spk)
42B090D0	scripts\game\barkdata\loc\1530460.spk	unknown	-	2536	24	opaque-referrers(spk)
65A53AF1	scripts\game\barkdata\loc\1531540.spk	unknown	-	640	6	opaque-referrers(spk)
D439CAA4	scripts\game\barkdata\loc\1532150.spk	unknown	-	640	6	opaque-referrers(spk)
169ACDFF	scripts\game\barkdata\loc\1533810.spk	unknown	-	640	6	opaque-referrers(spk)
3040042D	scripts\game\barkdata\loc\1534530.spk	unknown	-	149056	12	opaque-referrers(spk)
F8A08B5D	scripts\game\barkdata\loc\1534535.spk	unknown	-	136964	12	opaque-referrers(spk)
2D453495	scripts\game\barkdata\loc\1534540.spk	unknown	-	138512	12	opaque-referrers(spk)
E5A5BBE5	scripts\game\barkdata\loc\1534545.spk	unknown	-	120324	12	opaque-referrers(spk)
A7DF1504	scripts\game\barkdata\loc\1534730.spk	unknown	-	147824	12	opaque-referrers(spk)
6F3F9A74	scripts\game\barkdata\loc\1534735.spk	unknown	-	165200	12	opaque-referrers(spk)
7B3794DC	scripts\game\barkdata\loc\1535045.spk	unknown	-	162644	18	opaque-referrers(spk)
788BC809	scripts\game\barkdata\loc\1535050.spk	unknown	-	131552	24	opaque-referrers(spk)
2A1EA4DC	scripts\game\barkdata\loc\1537975.spk	unknown	-	104228	12	opaque-referrers(spk)
4FBA5E47	scripts\game\barkdata\loc\1539815.spk	unknown	-	640	6	opaque-referrers(spk)
E23F2156	scripts\game\barkdata\loc\1540625.spk	unknown	-	324	3	opaque-referrers(spk)
2C609FDC	scripts\game\barkdata\loc\1541375.spk	unknown	-	956	9	opaque-referrers(spk)
DD362D09	scripts\game\barkdata\loc\1541385.spk	unknown	-	640	6	opaque-referrers(spk)
103DDE51	scripts\game\barkdata\loc\1541920.spk	unknown	-	640	6	opaque-referrers(spk)
2D5DF7E1	scripts\game\barkdata\loc\1541921.spk	unknown	-	640	6	opaque-referrers(spk)
6AFD8D31	scripts\game\barkdata\loc\1541922.spk	unknown	-	324	3	opaque-referrers(spk)
D2C17096	scripts\game\barkdata\loc\1542215.spk	unknown	-	956	9	opaque-referrers(spk)
74C210FE	scripts\game\barkdata\loc\1544400.spk	unknown	-	43976	24	opaque-referrers(spk)
49A2394E	scripts\game\barkdata\loc\1544401.spk	unknown	-	100152	24	opaque-referrers(spk)
0E02439E	scripts\game\barkdata\loc\1544402.spk	unknown	-	57636	24	opaque-referrers(spk)
C654AF79	scripts\game\barkdata\loc\1687950.spk	unknown	-	106396	33	opaque-referrers(spk)
FB3486C9	scripts\game\barkdata\loc\1687951.spk	unknown	-	76212	24	opaque-referrers(spk)
BC94FC19	scripts\game\barkdata\loc\1687952.spk	unknown	-	42488	12	opaque-referrers(spk)
CA63E8F3	scripts\game\barkdata\loc\1688775.spk	unknown	-	99936	33	opaque-referrers(spk)
8DC39223	scripts\game\barkdata\loc\1688776.spk	unknown	-	74300	24	opaque-referrers(spk)
B0A3BB93	scripts\game\barkdata\loc\1688777.spk	unknown	-	44308	12	opaque-referrers(spk)
755B5C11	scripts\game\barkdata\loc\1689600.spk	unknown	-	104036	33	opaque-referrers(spk)
483B75A1	scripts\game\barkdata\loc\1689601.spk	unknown	-	80396	24	opaque-referrers(spk)
0F9B0F71	scripts\game\barkdata\loc\1689602.spk	unknown	-	42460	12	opaque-referrers(spk)
6FD86C2B	scripts\game\barkdata\loc\1690425.spk	unknown	-	110036	33	opaque-referrers(spk)
287816FB	scripts\game\barkdata\loc\1690426.spk	unknown	-	75372	24	opaque-referrers(spk)
15183F4B	scripts\game\barkdata\loc\1690427.spk	unknown	-	39572	12	opaque-referrers(spk)
1547E647	scripts\game\barkdata\loc\1691250.spk	unknown	-	112188	33	opaque-referrers(spk)
2827CFF7	scripts\game\barkdata\loc\1691251.spk	unknown	-	76844	24	opaque-referrers(spk)
6F87B527	scripts\game\barkdata\loc\1691252.spk	unknown	-	38268	12	opaque-referrers(spk)
897FDEF6	scripts\game\barkdata\loc\1692075.spk	unknown	-	100904	33	opaque-referrers(spk)
CEDFA426	scripts\game\barkdata\loc\1692076.spk	unknown	-	71092	24	opaque-referrers(spk)
F3BF8D96	scripts\game\barkdata\loc\1692077.spk	unknown	-	39524	12	opaque-referrers(spk)
C90224ED	scripts\game\barkdata\loc\1692900.spk	unknown	-	112696	33	opaque-referrers(spk)
F4620D5D	scripts\game\barkdata\loc\1692901.spk	unknown	-	77656	24	opaque-referrers(spk)
B3C2778D	scripts\game\barkdata\loc\1692902.spk	unknown	-	44120	12	opaque-referrers(spk)
D0BF7155	scripts\game\barkdata\loc\1693725.spk	unknown	-	109720	33	opaque-referrers(spk)
971F0B85	scripts\game\barkdata\loc\1693726.spk	unknown	-	81260	24	opaque-referrers(spk)
AA7F2235	scripts\game\barkdata\loc\1693727.spk	unknown	-	38040	12	opaque-referrers(spk)
9800D6AD	scripts\game\barkdata\loc\1694550.spk	unknown	-	123124	33	opaque-referrers(spk)
A560FF1D	scripts\game\barkdata\loc\1694551.spk	unknown	-	93040	24	opaque-referrers(spk)
E2C085CD	scripts\game\barkdata\loc\1694552.spk	unknown	-	39552	12	opaque-referrers(spk)
B252CD72	scripts\game\barkdata\loc\1695375.spk	unknown	-	106872	33	opaque-referrers(spk)
F5F2B7A2	scripts\game\barkdata\loc\1695376.spk	unknown	-	72544	24	opaque-referrers(spk)
C8929E12	scripts\game\barkdata\loc\1695377.spk	unknown	-	42744	12	opaque-referrers(spk)
4F4F7EED	scripts\game\barkdata\loc\1696200.spk	unknown	-	121360	33	opaque-referrers(spk)
722F575D	scripts\game\barkdata\loc\1696201.spk	unknown	-	83848	24	opaque-referrers(spk)
358F2D8D	scripts\game\barkdata\loc\1696202.spk	unknown	-	43680	12	opaque-referrers(spk)
91524121	scripts\game\barkdata\loc\1697025.spk	unknown	-	103624	33	opaque-referrers(spk)
D6F23BF1	scripts\game\barkdata\loc\1697026.spk	unknown	-	72412	24	opaque-referrers(spk)
EB921241	scripts\game\barkdata\loc\1697027.spk	unknown	-	39428	12	opaque-referrers(spk)
4EDC59E6	scripts\game\barkdata\loc\1816650.spk	unknown	-	8156	3	opaque-referrers(spk)
73BC7056	scripts\game\barkdata\loc\1816651.spk	unknown	-	6320	3	opaque-referrers(spk)
341C0A86	scripts\game\barkdata\loc\1816652.spk	unknown	-	7984	3	opaque-referrers(spk)
90C1662A	scripts\game\barkdata\loc\1817475.spk	unknown	-	7788	3	opaque-referrers(spk)
D7611CFA	scripts\game\barkdata\loc\1817476.spk	unknown	-	6012	3	opaque-referrers(spk)
EA01354A	scripts\game\barkdata\loc\1817477.spk	unknown	-	7364	3	opaque-referrers(spk)
59A3F5C0	scripts\game\barkdata\loc\1818300.spk	unknown	-	7516	3	opaque-referrers(spk)
64C3DC70	scripts\game\barkdata\loc\1818301.spk	unknown	-	6840	3	opaque-referrers(spk)
2363A6A0	scripts\game\barkdata\loc\1818302.spk	unknown	-	10492	3	opaque-referrers(spk)
87BECA0C	scripts\game\barkdata\loc\1819125.spk	unknown	-	8328	3	opaque-referrers(spk)
C01EB0DC	scripts\game\barkdata\loc\1819126.spk	unknown	-	6060	3	opaque-referrers(spk)
FD7E996C	scripts\game\barkdata\loc\1819127.spk	unknown	-	7916	3	opaque-referrers(spk)
61B43BA3	scripts\game\barkdata\loc\1819950.spk	unknown	-	8272	3	opaque-referrers(spk)
5CD41213	scripts\game\barkdata\loc\1819951.spk	unknown	-	5740	3	opaque-referrers(spk)
1B7468C3	scripts\game\barkdata\loc\1819952.spk	unknown	-	9776	3	opaque-referrers(spk)
9261496B	scripts\game\barkdata\loc\1820775.spk	unknown	-	7440	3	opaque-referrers(spk)
D5C133BB	scripts\game\barkdata\loc\1820776.spk	unknown	-	5352	3	opaque-referrers(spk)
E8A11A0B	scripts\game\barkdata\loc\1820777.spk	unknown	-	10352	3	opaque-referrers(spk)
2D59FD89	scripts\game\barkdata\loc\1821600.spk	unknown	-	9048	3	opaque-referrers(spk)
1039D439	scripts\game\barkdata\loc\1821601.spk	unknown	-	6996	3	opaque-referrers(spk)
5799AEE9	scripts\game\barkdata\loc\1821602.spk	unknown	-	10300	3	opaque-referrers(spk)
B161C538	scripts\game\barkdata\loc\1822425.spk	unknown	-	8952	3	opaque-referrers(spk)
F6C1BFE8	scripts\game\barkdata\loc\1822426.spk	unknown	-	8076	3	opaque-referrers(spk)
CBA19658	scripts\game\barkdata\loc\1822427.spk	unknown	-	11144	3	opaque-referrers(spk)
CBFE4F54	scripts\game\barkdata\loc\1823250.spk	unknown	-	8636	3	opaque-referrers(spk)
F69E66E4	scripts\game\barkdata\loc\1823251.spk	unknown	-	11444	3	opaque-referrers(spk)
B13E1C34	scripts\game\barkdata\loc\1823252.spk	unknown	-	9960	3	opaque-referrers(spk)
D38C791F	scripts\game\barkdata\loc\1824075.spk	unknown	-	8088	3	opaque-referrers(spk)
942C03CF	scripts\game\barkdata\loc\1824076.spk	unknown	-	7660	3	opaque-referrers(spk)
A94C2A7F	scripts\game\barkdata\loc\1824077.spk	unknown	-	7308	3	opaque-referrers(spk)
93F18304	scripts\game\barkdata\loc\1824900.spk	unknown	-	8072	3	opaque-referrers(spk)
AE91AAB4	scripts\game\barkdata\loc\1824901.spk	unknown	-	8520	3	opaque-referrers(spk)
E931D064	scripts\game\barkdata\loc\1824902.spk	unknown	-	8204	3	opaque-referrers(spk)
8A4CD6BC	scripts\game\barkdata\loc\1825725.spk	unknown	-	7064	3	opaque-referrers(spk)
CDECAC6C	scripts\game\barkdata\loc\1825726.spk	unknown	-	7256	3	opaque-referrers(spk)
F08C85DC	scripts\game\barkdata\loc\1825727.spk	unknown	-	6504	3	opaque-referrers(spk)
0707AB83	scripts\game\barkdata\loc\2.spk	unknown	-	771648	228	opaque-referrers(spk)
A2606F33	scripts\game\barkdata\loc\272250.spk	unknown	-	707700	66	opaque-referrers(spk)
7C7D50FF	scripts\game\barkdata\loc\273075.spk	unknown	-	670368	66	opaque-referrers(spk)
3C00AAE4	scripts\game\barkdata\loc\273900.spk	unknown	-	168120	24	opaque-referrers(spk)
01608354	scripts\game\barkdata\loc\273901.spk	unknown	-	142940	21	opaque-referrers(spk)
46C0F984	scripts\game\barkdata\loc\273902.spk	unknown	-	196032	21	opaque-referrers(spk)
E3D2F6DB	scripts\game\barkdata\loc\274725.spk	unknown	-	774736	66	opaque-referrers(spk)
6D0258A4	scripts\game\barkdata\loc\275550.spk	unknown	-	498640	66	opaque-referrers(spk)
05754406	scripts\game\barkdata\loc\276375.spk	unknown	-	422044	66	opaque-referrers(spk)
BA4DF0E4	scripts\game\barkdata\loc\277200.spk	unknown	-	440228	63	opaque-referrers(spk)
71DADD1A	scripts\game\barkdata\loc\278025.spk	unknown	-	205512	54	opaque-referrers(spk)
97D02CB5	scripts\game\barkdata\loc\278850.spk	unknown	-	411388	66	opaque-referrers(spk)
8E6D790D	scripts\game\barkdata\loc\279675.spk	unknown	-	549528	66	opaque-referrers(spk)
AA9608A2	scripts\game\barkdata\loc\280500.spk	unknown	-	118536	24	opaque-referrers(spk)
97F62112	scripts\game\barkdata\loc\280501.spk	unknown	-	111968	21	opaque-referrers(spk)
D0565BC2	scripts\game\barkdata\loc\280502.spk	unknown	-	118964	21	opaque-referrers(spk)
80C4137D	scripts\game\barkdata\loc\281325.spk	unknown	-	572568	66	opaque-referrers(spk)
8B3D213A	scripts\game\barkdata\loc\400950.spk	unknown	-	371424	84	opaque-referrers(spk)
B65D088A	scripts\game\barkdata\loc\400951.spk	unknown	-	13456	3	opaque-referrers(spk)
F1FD725A	scripts\game\barkdata\loc\400952.spk	unknown	-	13740	3	opaque-referrers(spk)
92807482	scripts\game\barkdata\loc\401775.spk	unknown	-	365420	78	opaque-referrers(spk)
D5200E52	scripts\game\barkdata\loc\401776.spk	unknown	-	9468	3	opaque-referrers(spk)
E84027E2	scripts\game\barkdata\loc\401777.spk	unknown	-	10324	3	opaque-referrers(spk)
6F9DC71D	scripts\game\barkdata\loc\402600.spk	unknown	-	362668	78	opaque-referrers(spk)
52FDEEAD	scripts\game\barkdata\loc\402601.spk	unknown	-	14980	3	opaque-referrers(spk)
155D947D	scripts\game\barkdata\loc\402602.spk	unknown	-	15100	3	opaque-referrers(spk)
B180F8D1	scripts\game\barkdata\loc\403425.spk	unknown	-	381684	78	opaque-referrers(spk)
F6208201	scripts\game\barkdata\loc\403426.spk	unknown	-	9776	3	opaque-referrers(spk)
CB40ABB1	scripts\game\barkdata\loc\403427.spk	unknown	-	10172	3	opaque-referrers(spk)
0D707B3A	scripts\game\barkdata\loc\404250.spk	unknown	-	353360	75	opaque-referrers(spk)
3010528A	scripts\game\barkdata\loc\404251.spk	unknown	-	19676	3	opaque-referrers(spk)
77B0285A	scripts\game\barkdata\loc\404252.spk	unknown	-	16120	3	opaque-referrers(spk)
A9AD1796	scripts\game\barkdata\loc\405077.spk	unknown	-	13256	3	opaque-referrers(spk)
9310BEED	scripts\game\barkdata\loc\405900.spk	unknown	-	327620	75	opaque-referrers(spk)
AE70975D	scripts\game\barkdata\loc\405901.spk	unknown	-	10648	3	opaque-referrers(spk)
E9D0ED8D	scripts\game\barkdata\loc\405902.spk	unknown	-	13516	3	opaque-referrers(spk)
C888EC28	scripts\game\barkdata\loc\406725.spk	unknown	-	346100	75	opaque-referrers(spk)
8F2896F8	scripts\game\barkdata\loc\406726.spk	unknown	-	11036	3	opaque-referrers(spk)
B248BF48	scripts\game\barkdata\loc\406727.spk	unknown	-	11880	3	opaque-referrers(spk)
46584257	scripts\game\barkdata\loc\407550.spk	unknown	-	359460	75	opaque-referrers(spk)
7B386BE7	scripts\game\barkdata\loc\407551.spk	unknown	-	16264	3	opaque-referrers(spk)
3C981137	scripts\game\barkdata\loc\407552.spk	unknown	-	16764	3	opaque-referrers(spk)
79804BBA	scripts\game\barkdata\loc\408375.spk	unknown	-	290740	75	opaque-referrers(spk)
3E20316A	scripts\game\barkdata\loc\408376.spk	unknown	-	8104	3	opaque-referrers(spk)
034018DA	scripts\game\barkdata\loc\408377.spk	unknown	-	11644	3	opaque-referrers(spk)
C6B8FF58	scripts\game\barkdata\loc\409200.spk	unknown	-	310476	75	opaque-referrers(spk)
FBD8D6E8	scripts\game\barkdata\loc\409201.spk	unknown	-	10584	3	opaque-referrers(spk)
BC78AC38	scripts\game\barkdata\loc\409202.spk	unknown	-	15104	3	opaque-referrers(spk)
DC3BCF62	scripts\game\barkdata\loc\410025.spk	unknown	-	354192	75	opaque-referrers(spk)
9B9BB5B2	scripts\game\barkdata\loc\410026.spk	unknown	-	10212	3	opaque-referrers(spk)
A6FB9C02	scripts\game\barkdata\loc\410027.spk	unknown	-	14084	3	opaque-referrers(spk)
C14B3B61	scripts\game\barkdata\loc\42900.spk	unknown	-	372164	81	opaque-referrers(spk)
FC2B12D1	scripts\game\barkdata\loc\42901.spk	unknown	-	1002660	249	opaque-referrers(spk)
BB8B6801	scripts\game\barkdata\loc\42902.spk	unknown	-	496652	153	opaque-referrers(spk)
B98D397A	scripts\game\barkdata\loc\530475.spk	unknown	-	191376	38	opaque-referrers(spk)
6565B8A2	scripts\game\barkdata\loc\531300.spk	unknown	-	211620	38	opaque-referrers(spk)
F95D8013	scripts\game\barkdata\loc\532125.spk	unknown	-	225852	38	opaque-referrers(spk)
1F5771BC	scripts\game\barkdata\loc\532950.spk	unknown	-	208992	38	opaque-referrers(spk)
A1A0A6AD	scripts\game\barkdata\loc\535425.spk	unknown	-	274360	38	opaque-referrers(spk)
47071470	scripts\game\barkdata\loc\537075.spk	unknown	-	253164	38	opaque-referrers(spk)
077AEE6B	scripts\game\barkdata\loc\537900.spk	unknown	-	215648	38	opaque-referrers(spk)
0B4DA9E1	scripts\game\barkdata\loc\538725.spk	unknown	-	260564	38	opaque-referrers(spk)
CBC65C2F	scripts\game\barkdata\loc\643500.spk	unknown	-	702916	222	opaque-referrers(spk)
F6A6759F	scripts\game\barkdata\loc\643501.spk	unknown	-	1764876	516	opaque-referrers(spk)
B1060F4F	scripts\game\barkdata\loc\643502.spk	unknown	-	431772	132	opaque-referrers(spk)
8C6626FF	scripts\game\barkdata\loc\643503.spk	unknown	-	196020	69	opaque-referrers(spk)
3E46FAEF	scripts\game\barkdata\loc\643504.spk	unknown	-	110040	30	opaque-referrers(spk)
C365AAEB	scripts\game\barkdata\loc\686400.spk	unknown	-	1561008	447	opaque-referrers(spk)
FE05835B	scripts\game\barkdata\loc\686401.spk	unknown	-	2908276	909	opaque-referrers(spk)
84C5D03B	scripts\game\barkdata\loc\686403.spk	unknown	-	143352	42	opaque-referrers(spk)
36E50C2B	scripts\game\barkdata\loc\686404.spk	unknown	-	141080	45	opaque-referrers(spk)
A50E6769	scripts\game\barkdata\loc\729300.spk	unknown	-	2112276	630	opaque-referrers(spk)
986E4ED9	scripts\game\barkdata\loc\729301.spk	unknown	-	3200368	987	opaque-referrers(spk)
DFCE3409	scripts\game\barkdata\loc\729302.spk	unknown	-	1325272	402	opaque-referrers(spk)
E2AE1DB9	scripts\game\barkdata\loc\729303.spk	unknown	-	216256	72	opaque-referrers(spk)
148435C4	scripts\game\barkdata\loc\772200.spk	unknown	-	1125396	294	opaque-referrers(spk)
29E41C74	scripts\game\barkdata\loc\772201.spk	unknown	-	671416	189	opaque-referrers(spk)
6E4466A4	scripts\game\barkdata\loc\772202.spk	unknown	-	732112	222	opaque-referrers(spk)
ADB80447	scripts\game\barkdata\loc\815100.spk	unknown	-	500704	111	opaque-referrers(spk)
90D82DF7	scripts\game\barkdata\loc\815101.spk	unknown	-	301096	45	opaque-referrers(spk)
D7785727	scripts\game\barkdata\loc\815102.spk	unknown	-	342412	63	opaque-referrers(spk)
8BCDCAD8	scripts\game\barkdata\loc\85800.spk	unknown	-	550248	123	opaque-referrers(spk)
CD264B2E	scripts\game\barkdata\loc\858000.spk	unknown	-	540312	96	opaque-referrers(spk)
F046629E	scripts\game\barkdata\loc\858001.spk	unknown	-	292212	63	opaque-referrers(spk)
B7E6184E	scripts\game\barkdata\loc\858002.spk	unknown	-	378024	69	opaque-referrers(spk)
B6ADE368	scripts\game\barkdata\loc\85801.spk	unknown	-	1070416	282	opaque-referrers(spk)
F10D99B8	scripts\game\barkdata\loc\85802.spk	unknown	-	599028	144	opaque-referrers(spk)
136E1289	scripts\game\barkdata\loc\900901.spk	unknown	-	46100	24	opaque-referrers(spk)
5B1A6662	scripts\game\barkdata\loc\943800.spk	unknown	-	1020420	381	opaque-referrers(spk)
667A4FD2	scripts\game\barkdata\loc\943801.spk	unknown	-	844124	309	opaque-referrers(spk)
0386EBFB	scripts\game\barkdata\loc\986700.spk	unknown	-	799444	309	opaque-referrers(spk)
3EE6C24B	scripts\game\barkdata\loc\986701.spk	unknown	-	763412	285	opaque-referrers(spk)
40C3340C	ui\textures\360\360_a.xbt	unused	-	4256	0	console-only
8BA6C90A	ui\textures\360\360_a_shop.xbt	unused	-	1184	0	console-only
07634EDC	ui\textures\360\360_b.xbt	unused	-	4256	0	console-only
60917209	ui\textures\360\360_b_shop.xbt	unused	-	1184	0	console-only
E920B8BF	ui\textures\360\360_back.xbt	unused	-	4256	0	console-only
4E4EB02E	ui\textures\360\360_lb.xbt	unused	-	4256	0	console-only
25F2315F	ui\textures\360\360_lb_shop.xbt	unused	-	2208	0	console-only
13CE0E1C	ui\textures\360\360_ls.xbt	unused	-	4256	0	console-only
ACA7E245	ui\textures\360\360_ls_click.xbt	unused	-	4256	0	console-only
A1EED20C	ui\textures\360\360_lt.xbt	unused	-	4256	0	console-only
8E141E24	ui\textures\360\360_pad.xbt	unused	-	4256	0	console-only
EBAB9449	ui\textures\360\360_pad_down.xbt	unused	-	4256	0	console-only
B3942EBF	ui\textures\360\360_pad_horizontal.xbt	unused	-	4256	0	console-only
7EE48EAF	ui\textures\360\360_pad_left.xbt	unused	-	4256	0	console-only
B35F51C2	ui\textures\360\360_pad_right.xbt	unused	-	4256	0	console-only
1CCEBA8F	ui\textures\360\360_pad_up.xbt	unused	-	4256	0	console-only
100B5ED1	ui\textures\360\360_pad_vertical.xbt	unused	-	4256	0	console-only
7792D3C5	ui\textures\360\360_rb.xbt	unused	-	4256	0	console-only
D972DE92	ui\textures\360\360_rb_shop.xbt	unused	-	2208	0	console-only
2A126DF7	ui\textures\360\360_rs.xbt	unused	-	4256	0	console-only
498EDCA7	ui\textures\360\360_rs_click.xbt	unused	-	4256	0	console-only
9832B1E7	ui\textures\360\360_rt.xbt	unused	-	4256	0	console-only
7317EB6F	ui\textures\360\360_start.xbt	unused	-	4256	0	console-only
2D33C1FF	ui\textures\360\360_x.xbt	unused	-	4256	0	console-only
501D6328	ui\textures\360\360_x_shop.xbt	unused	-	1184	0	console-only
1053E84F	ui\textures\360\360_y.xbt	unused	-	4256	0	console-only
BFDF0816	ui\textures\360\360_y_shop.xbt	unused	-	1184	0	console-only
BFC8352B	ui\textures\360\controller_360.xbt	unused	-	131232	0	console-only
92895A21	ui\textures\360\ui_controller_arrows.xbt	unused	-	672	0	console-only
E55B2688	worlds\mp_02_s_shanty\generated\entitylibrary_full.fcb	unused	DECOY	6193501	31249	fallback:flag-selected
53857BA3	worlds\mp_02_s_shanty\generated\mp_02_s_shanty_depload.xml	unused	DECOY	2072294	6273	fallback:primary-present
8EDDADA2	worlds\mp_02_s_shanty\generated\mp_02_s_shanty_deploadnewparticles.xml	unused	DECOY	6060642	0	unreachable:rml-source
B205E993	worlds\mp_06_m_ranch\generated\entitylibrary_full.fcb	unused	DECOY	6193501	31249	fallback:flag-selected
2A7A6A31	worlds\mp_06_m_ranch\generated\mp_06_m_ranch_depload.xml	unused	DECOY	2348519	6978	fallback:primary-present
DC0608B0	worlds\mp_06_m_ranch\generated\mp_06_m_ranch_deploadnewparticles.xml	unused	DECOY	6989269	0	unreachable:rml-source
29383CC8	worlds\mp_07_m_dogon\generated\entitylibrary_full.fcb	unused	DECOY	6193501	31249	fallback:flag-selected
1DEBD46F	worlds\mp_07_m_dogon\generated\mp_07_m_dogon_depload.xml	unused	DECOY	2065689	6192	fallback:primary-present
60889AEB	worlds\mp_07_m_dogon\generated\mp_07_m_dogon_deploadnewparticles.xml	unused	DECOY	6255257	0	unreachable:rml-source
17721D9A	worlds\mp_08_m_colony\generated\entitylibrary_full.fcb	unused	DECOY	6193501	31249	fallback:flag-selected
F276B2CA	worlds\mp_08_m_colony\generated\mp_08_m_colony_depload.xml	unused	DECOY	2329054	6891	fallback:primary-present
E96648FB	worlds\mp_08_m_colony\generated\mp_08_m_colony_deploadnewparticles.xml	unused	DECOY	7035754	0	unreachable:rml-source
4E1F44C9	worlds\mp_10_l_fishingvillage\generated\entitylibrary_full.fcb	unused	DECOY	6193501	31249	fallback:flag-selected
97EC1035	worlds\mp_10_l_fishingvillage\generated\mp_10_l_fishingvillage_depload.xml	unused	DECOY	2123230	6419	fallback:primary-present
B613E6DC	worlds\mp_10_l_fishingvillage\generated\mp_10_l_fishingvillage_deploadnewparticles.xml	unused	DECOY	6535762	0	unreachable:rml-source
725B18E9	worlds\mp_11_l_savanna\generated\entitylibrary_full.fcb	unused	DECOY	6193501	31249	fallback:flag-selected
6152AD74	worlds\mp_11_l_savanna\generated\mp_11_l_savanna_depload.xml	unused	DECOY	2232403	6680	fallback:primary-present
FC192F5D	worlds\mp_11_l_savanna\generated\mp_11_l_savanna_deploadnewparticles.xml	unused	DECOY	6814974	0	unreachable:rml-source
21E51B52	worlds\mp_12_l_fueldepot\generated\entitylibrary_full.fcb	unused	DECOY	6193501	31249	fallback:flag-selected
4FDDA4F5	worlds\mp_12_l_fueldepot\generated\mp_12_l_fueldepot_depload.xml	unused	DECOY	2316860	6869	fallback:primary-present
210B39EA	worlds\mp_12_l_fueldepot\generated\mp_12_l_fueldepot_deploadnewparticles.xml	unused	DECOY	7094896	0	unreachable:rml-source
EC967A76	worlds\mp_14_woodlands\generated\entitylibrary_full.fcb	unused	DECOY	6193501	31249	fallback:flag-selected
95E36C0E	worlds\mp_14_woodlands\generated\mp_14_woodlands_depload.xml	unused	DECOY	2169600	6420	fallback:primary-present
F86DC7E9	worlds\mp_14_woodlands\generated\mp_14_woodlands_deploadnewparticles.xml	unused	DECOY	6854786	0	unreachable:rml-source
EE15C5E2	worlds\mp_15_mine\generated\entitylibrary_full.fcb	unused	DECOY	6193501	31249	fallback:flag-selected
4B3BD105	worlds\mp_15_mine\generated\mp_15_mine_depload.xml	unused	DECOY	2090911	6324	fallback:primary-present
8DE30575	worlds\mp_15_mine\generated\mp_15_mine_deploadnewparticles.xml	unused	DECOY	6218761	0	unreachable:rml-source
071B60B6	worlds\mp_16_airbase\generated\entitylibrary_full.fcb	unused	DECOY	6193501	31249	fallback:flag-selected
D214F799	worlds\mp_16_airbase\generated\mp_16_airbase_depload.xml	unused	DECOY	2291565	6825	fallback:primary-present
527F2344	worlds\mp_16_airbase\generated\mp_16_airbase_deploadnewparticles.xml	unused	DECOY	7031540	0	unreachable:rml-source
FABE8B54	worlds\mp_17_dunes\generated\entitylibrary_full.fcb	unused	DECOY	6193501	31249	fallback:flag-selected
E71A3661	worlds\mp_17_dunes\generated\mp_17_dunes_depload.xml	unused	DECOY	2312176	6875	fallback:primary-present
0AB6FD30	worlds\mp_17_dunes\generated\mp_17_dunes_deploadnewparticles.xml	unused	DECOY	6931704	0	unreachable:rml-source
4130FAF0	worlds\mp_18_greenhouse\generated\entitylibrary_full.fcb	unused	DECOY	6193501	31249	fallback:flag-selected
94E73D72	worlds\mp_18_greenhouse\generated\mp_18_greenhouse_depload.xml	unused	DECOY	2181125	6568	fallback:primary-present
7E8DBD41	worlds\mp_18_greenhouse\generated\mp_18_greenhouse_deploadnewparticles.xml	unused	DECOY	6597318	0	unreachable:rml-source
0A92C282	worlds\mp_21_town\generated\entitylibrary_full.fcb	unused	DECOY	6193501	31249	fallback:flag-selected
31C91FF7	worlds\mp_21_town\generated\mp_21_town_depload.xml	unused	DECOY	2355501	6942	fallback:primary-present
A7BE6767	worlds\mp_21_town\generated\mp_21_town_deploadnewparticles.xml	unused	DECOY	7196725	0	unreachable:rml-source
8B44A826	worlds\mp_24_dusttown\generated\entitylibrary_full.fcb	unused	DECOY	6193501	31249	fallback:flag-selected
A567C474	worlds\mp_24_dusttown\generated\mp_24_dusttown_depload.xml	unused	DECOY	2031382	6137	fallback:primary-present
BC719CD8	worlds\mp_24_dusttown\generated\mp_24_dusttown_deploadnewparticles.xml	unused	DECOY	6093058	0	unreachable:rml-source
3D66ABE4	worlds\mp_25_prison\generated\entitylibrary_full.fcb	unused	DECOY	6193501	31249	fallback:flag-selected
9497F2F5	worlds\mp_25_prison\generated\mp_25_prison_depload.xml	unused	DECOY	2073414	6271	fallback:primary-present
AECA6600	worlds\mp_25_prison\generated\mp_25_prison_deploadnewparticles.xml	unused	DECOY	6048467	0	unreachable:rml-source
AFABE955	worlds\mp_dlc01_resort\generated\entitylibrary_full.fcb	unused	DECOY	6295843	31511	fallback:flag-selected
249FC189	worlds\mp_dlc01_resort\generated\mp_dlc01_resort_depload.xml	unused	DECOY	2193194	6511	fallback:primary-present
65B10701	worlds\mp_dlc01_resort\generated\mp_dlc01_resort_deploadnewparticles.xml	unused	DECOY	6780432	0	unreachable:rml-source
50F54D66	worlds\mp_dlc01_resort\smallscreenshot.xbt	unused	-	37619	0	unreachable
C61F58BA	worlds\mp_dlc02_lake\generated\entitylibrary_full.fcb	unused	DECOY	6295843	31511	fallback:flag-selected
1DD6343E	worlds\mp_dlc02_lake\generated\mp_dlc02_lake_depload.xml	unused	DECOY	2328083	6853	fallback:primary-present
7D6E26A7	worlds\mp_dlc02_lake\generated\mp_dlc02_lake_deploadnewparticles.xml	unused	DECOY	7463953	0	unreachable:rml-source
78D7D382	worlds\mp_dlc02_lake\smallscreenshot.xbt	unused	-	30753	0	unreachable
B8DDCD7D	worlds\mp_dlc04_bridge\generated\entitylibrary_full.fcb	unused	DECOY	6295843	31511	fallback:flag-selected
DA8B6B72	worlds\mp_dlc04_bridge\generated\mp_dlc04_bridge_depload.xml	unused	DECOY	2303492	6846	fallback:primary-present
330D964D	worlds\mp_dlc04_bridge\generated\mp_dlc04_bridge_deploadnewparticles.xml	unused	DECOY	7201018	0	unreachable:rml-source
5FC31DD5	worlds\mp_dlc04_bridge\smallscreenshot.xbt	unused	-	33033	0	unreachable
DBEF7CC7	worlds\mp_dlc05_clinic\generated\entitylibrary_full.fcb	unused	DECOY	6295843	31511	fallback:flag-selected
9C3C40A5	worlds\mp_dlc05_clinic\generated\mp_dlc05_clinic_depload.xml	unused	DECOY	2352155	7033	fallback:primary-present
7F36A870	worlds\mp_dlc05_clinic\generated\mp_dlc05_clinic_deploadnewparticles.xml	unused	DECOY	6671785	0	unreachable:rml-source
760C77A9	worlds\mp_dlc05_clinic\smallscreenshot.xbt	unused	-	32104	0	unreachable
75C9A84C	worlds\mp_dlc09_jungle\generated\entitylibrary_full.fcb	unused	DECOY	6295843	31511	fallback:flag-selected
0D6722D1	worlds\mp_dlc09_jungle\generated\mp_dlc09_jungle_depload.xml	unused	DECOY	2133416	6412	fallback:primary-present
CCD816C0	worlds\mp_dlc09_jungle\generated\mp_dlc09_jungle_deploadnewparticles.xml	unused	DECOY	6242501	0	unreachable:rml-source
09B1A84A	worlds\mp_dlc09_jungle\smallscreenshot.xbt	unused	-	32452	0	unreachable
356562D2	worlds\mp_dlc_gym\generated\entitylibrary_full.fcb	unused	DECOY	6295843	31511	fallback:flag-selected
F2FBE6DA	worlds\mp_dlc_gym\generated\mp_dlc_gym_depload.xml	unused	DECOY	2451418	7043	fallback:primary-present
3EE28910	worlds\mp_dlc_gym\generated\mp_dlc_gym_deploadnewparticles.xml	unused	DECOY	8114941	0	unreachable:rml-source
ACBCACF8	worlds\mp_dlc_gym\smallscreenshot.xbt	unused	-	30414	0	unreachable
3F4BDDF8	worlds\tmpla\generated\entitylibrary.fcb	unused	DECOY	6208804	31257	dev-leftover(-benchmark)
2A8C1709	worlds\tmpla\generated\entitylibrary_full.fcb	unused	DECOY	6193501	31249	fallback:flag-selected
263A629A	worlds\tmpla\generated\moviedata.xml	unused	-	77213	0	dev-leftover(-benchmark)
8C2A2AA7	worlds\tmpla\generated\nv\sectors\nv.nvm	unused	-	360	0	dev-leftover(-benchmark)
B487C789	worlds\tmpla\generated\tmpla.game.xml	unused	DECOY	34455	61	dev-leftover(-benchmark)
00E71E45	worlds\tmpla\generated\tmpla.managers.fcb	unused	DECOY	678849	1052	dev-leftover(-benchmark)
0D0FC1E6	worlds\tmpla\generated\tmpla.mapsdata.fcb	unused	-	413	3	dev-leftover(-benchmark)
EA1B9621	worlds\tmpla\generated\tmpla.omnis.fcb	unused	-	22	0	dev-leftover(-benchmark)
A6C7BB15	worlds\tmpla\generated\tmpla.sectorsdep.fcb	unused	-	2341	0	dev-leftover(-benchmark)
151C4828	worlds\tmpla\generated\tmpla_depload.dat	unused	DECOY	202322	36158	dev-leftover(-benchmark)
BFF9C566	worlds\tmpla\generated\tmpla_depload.xml	unused	DECOY	4138490	11778	fallback:primary-present
76C7C518	worlds\tmpla\generated\tmpla_deploadnewparticles.rml	unused	DECOY	5571059	91	dev-leftover(-benchmark)
7B5040CE	worlds\tmpla\generated\tmpla_deploadnewparticles.xml	unused	DECOY	9665942	0	unreachable:rml-source
3D7B9B8A	worlds\tmpla\mapcompass.xbt	unused	-	43896	1	dev-leftover(-benchmark)
94E1EDD2	worlds\tmpla\mapcompass_mip0.xbt	unused	-	131232	0	unreachable
F3C8E23A	worlds\world1\generated\entitylibrary_full.fcb	unused	DECOY	6193501	31249	fallback:flag-selected
4F6A718B	worlds\world1\generated\world1_depload.xml	unused	DECOY	5298229	0	fallback:primary-present
FE52BFB9	worlds\world1\generated\world1_deploadnewparticles.xml	unused	DECOY	9737337	0	unreachable:rml-source
9E4E1160	worlds\world2\generated\entitylibrary_full.fcb	unused	DECOY	6193501	31249	fallback:flag-selected
B601385D	worlds\world2\generated\world2_depload.xml	unused	DECOY	5313990	0	fallback:primary-present
F3848299	worlds\world2\generated\world2_deploadnewparticles.xml	unused	DECOY	10377659	0	unreachable:rml-source
10EE25C1	_unknown\textures\10ee25c1.xbt	unknown	-	262304	0	unnamed
20C23D45	_unknown\textures\20c23d45.xbt	unknown	-	262304	0	unnamed
66D8CF53	_unknown\textures\66d8cf53.xbt	unknown	-	262304	0	unnamed
7206CF55	_unknown\textures\7206cf55.xbt	unknown	-	262304	0	unnamed
8FA112A0	_unknown\textures\8fa112a0.xbt	unknown	-	262304	0	unnamed
B76A85E1	_unknown\textures\b76a85e1.xbt	unknown	-	262304	0	unnamed
C5B3F717	_unknown\textures\c5b3f717.xbt	unknown	-	262304	0	unnamed
28DCEC40	_unknown\unknown\28dcec40.bin	unknown	-	394	0	unnamed
A5B5FA3B	_unknown\unknown\a5b5fa3b.bin	unknown	-	34480	0	unnamed
BC6DA34E	_unknown\unknown\bc6da34e.bin	unknown	-	208	0	unnamed
DD277B54	_unknown\unknown\dd277b54.bin	unknown	-	421	0	unnamed
E0F0C72A	_unknown\unknown\e0f0c72a.bin	unknown	-	587	0	unnamed
